experiment_id,config_id,seed,n_agents,game_type,complexity_penalty,initial_precision,max_precision,min_precision,γ_update_factor,prior_α,prior_β,action_precision,structure_learning_threshold,bias,bias_duration,post_bias_duration,adoption_at_bias_end,gamma_at_bias_end,final_adoption,final_gamma,final_correlation,true_cooperation_rate,false_cooperation_rate,cooperation_gap,mean_ingroup_belief,mean_outgroup_belief,belief_difference,institution_emerged,self_fulfilling,elapsed_time
exp5_population_scale,1,5101,8,PrisonersDilemma,0.05,1.0,10.0,0.1,1.05,1.0,1.0,2.0,10,0.05,100,300,0.125,1.2855680528774671,0.0,2.870561394735293,-0.016592351777132433,0.085,0.15,-0.06499999999999999,0.11869032322217264,0.13344893206995415,-0.014758608847781504,false,false,2.057999849319458
exp5_population_scale,1,5102,8,PrisonersDilemma,0.05,1.0,10.0,0.1,1.05,1.0,1.0,2.0,10,0.05,100,300,0.0,1.2309439874873724,0.0,1.2309439874873724,-0.001269011008831547,0.135,0.11,0.02500000000000001,0.11279453103489166,0.11229207607397507,0.0005024549609165957,false,false,2.0370001792907715
exp5_population_scale,1,5103,8,PrisonersDilemma,0.05,1.0,10.0,0.1,1.05,1.0,1.0,2.0,10,0.05,100,300,0.25,1.2536529528113673,0.0,2.3995640298536847,-0.00836690180355669,0.108,0.08666666666666667,0.02133333333333333,0.10044168623690383,0.11302215334319254,-0.012580467106288712,false,false,2.015000104904175
exp5_population_scale,1,5104,8,PrisonersDilemma,0.05,1.0,10.0,0.1,1.05,1.0,1.0,2.0,10,0.05,100,300,0.375,2.7001093080030527,0.25,5.163050833660764,-0.0469324538489968,0.16,0.164,-0.0040000000000000036,0.15575413761878257,0.18900859398714387,-0.0332544563683613,false,false,1.9820001125335693
exp5_population_scale,1,5105,8,PrisonersDilemma,0.05,1.0,10.0,0.1,1.05,1.0,1.0,2.0,10,0.05,100,300,0.5,2.7316298192328548,1.0,6.908816135303652,-0.10869565217391303,0.9533333333333334,0.568,0.3853333333333334,0.43671978008062995,0.4759413519171988,-0.039221571836568825,true,true,1.999000072479248
exp5_population_scale,1,5106,8,PrisonersDilemma,0.05,1.0,10.0,0.1,1.05,1.0,1.0,2.0,10,0.05,100,300,0.25,2.332547385654811,1.0,5.587958687034476,0.06046992683963731,0.6,0.23,0.37,0.2490481991229234,0.18844979136756487,0.06059840775535852,true,true,2.0399999618530273
exp5_population_scale,1,5107,8,PrisonersDilemma,0.05,1.0,10.0,0.1,1.05,1.0,1.0,2.0,10,0.05,100,300,0.5,3.3212368848964373,1.0,7.132115941078007,-0.16493351624494212,0.9666666666666667,0.54,0.42666666666666664,0.4391454239405738,0.5519235913817583,-0.11277816744118446,true,true,1.9809999465942383
exp5_population_scale,1,5108,8,PrisonersDilemma,0.05,1.0,10.0,0.1,1.05,1.0,1.0,2.0,10,0.05,100,300,0.125,1.5196513205515785,0.25,4.3661988154762845,-0.06569167597910547,0.34,0.205,0.13500000000000004,0.18451196652227425,0.24827243654432155,-0.0637604700220473,false,false,2.00600004196167
exp5_population_scale,1,5109,8,PrisonersDilemma,0.05,1.0,10.0,0.1,1.05,1.0,1.0,2.0,10,0.05,100,300,0.0,1.0,0.0,1.3816215083520142,0.002705882352941169,0.112,0.12666666666666668,-0.014666666666666675,0.11278017893379451,0.1057330722291987,0.00704710670459581,false,false,1.9900000095367432
exp5_population_scale,1,5110,8,PrisonersDilemma,0.05,1.0,10.0,0.1,1.05,1.0,1.0,2.0,10,0.05,100,300,0.375,2.768798964814998,0.375,4.302804656004556,-0.07673600040012257,0.37333333333333335,0.356,0.017333333333333367,0.23902184886604896,0.30031365849422903,-0.061291809628180066,false,false,2.0199999809265137
exp5_population_scale,1,5111,8,PrisonersDilemma,0.05,1.0,10.0,0.1,1.05,1.0,1.0,2.0,10,0.05,100,300,0.0,1.7019695613596617,0.0,2.5856538130550257,-0.0007566517594976702,0.07666666666666666,0.1,-0.023333333333333345,0.11407841669970646,0.10719616938109715,0.006882247318609314,false,false,1.9890000820159912
exp5_population_scale,1,5112,8,PrisonersDilemma,0.05,1.0,10.0,0.1,1.05,1.0,1.0,2.0,10,0.05,100,300,0.125,1.1076806601147615,0.75,4.890093882841547,0.10022590172961876,0.484,0.32,0.16399999999999998,0.25180737032449263,0.17113998258073468,0.08066738774375795,true,true,2.00600004196167
exp5_population_scale,1,5113,8,PrisonersDilemma,0.05,1.0,10.0,0.1,1.05,1.0,1.0,2.0,10,0.05,100,300,0.0,1.0,0.0,1.0,-0.006143622259353623,0.08,0.115,-0.035,0.10533115668263406,0.1091890531751597,-0.003857896492525645,false,false,2.0239999294281006
exp5_population_scale,1,5114,8,PrisonersDilemma,0.05,1.0,10.0,0.1,1.05,1.0,1.0,2.0,10,0.05,100,300,0.0,1.0,0.0,1.0,-0.01357323232323232,0.12,0.112,0.007999999999999993,0.10126962547317893,0.11797291888611557,-0.016703293412936637,false,false,2.0
exp5_population_scale,1,5115,8,PrisonersDilemma,0.05,1.0,10.0,0.1,1.05,1.0,1.0,2.0,10,0.05,100,300,0.375,2.490822696999424,0.25,4.724930067553986,0.026749852473683194,0.1,0.19666666666666666,-0.09666666666666665,0.17344362430545485,0.1359078682595238,0.03753575604593104,false,false,2.077000141143799
exp5_population_scale,1,5116,8,PrisonersDilemma,0.05,1.0,10.0,0.1,1.05,1.0,1.0,2.0,10,0.05,100,300,0.0,1.1341593317878038,0.0,1.1341593317878038,-0.008212088447116989,0.088,0.08666666666666667,0.0013333333333333253,0.10259174092378687,0.10716536548268021,-0.004573624558893347,false,false,0.006000041961669922
exp5_population_scale,1,5117,8,PrisonersDilemma,0.05,1.0,10.0,0.1,1.05,1.0,1.0,2.0,10,0.05,100,300,0.0,1.2045141655221125,0.0,1.3499916641897365,0.0029962260301917704,0.12333333333333334,0.12,0.003333333333333341,0.1090383451982369,0.10923796695466503,-0.0001996217564281394,false,false,0.004999876022338867
exp5_population_scale,1,5118,8,PrisonersDilemma,0.05,1.0,10.0,0.1,1.05,1.0,1.0,2.0,10,0.05,100,300,0.125,1.896977427593701,1.0,6.3732739728896055,0.09490337798632659,0.865,0.37,0.495,0.36731623850662515,0.27356209712030005,0.0937541413863251,true,true,0.003000020980834961
exp5_population_scale,1,5119,8,PrisonersDilemma,0.05,1.0,10.0,0.1,1.05,1.0,1.0,2.0,10,0.05,100,300,0.125,1.7208324584822448,0.125,2.125,-0.019400718033692366,0.12666666666666668,0.124,0.0026666666666666783,0.11398883897771604,0.1291286308646806,-0.015139791886964557,false,false,0.004000186920166016
exp5_population_scale,1,5120,8,PrisonersDilemma,0.05,1.0,10.0,0.1,1.05,1.0,1.0,2.0,10,0.05,100,300,0.0,1.0,0.0,1.0,-0.028279273765809868,0.085,0.09,-0.0049999999999999906,0.09061180952988962,0.11680405651035737,-0.02619224698046775,false,false,0.003999948501586914
exp5_population_scale,2,5201,8,PrisonersDilemma,0.05,1.0,10.0,0.1,1.05,1.0,1.0,2.0,10,0.1,100,300,0.0,1.3685318465656504,1.0,6.005323246617106,-0.029717508251253938,0.59,0.20333333333333334,0.3866666666666666,0.2275853951185419,0.22923213669297146,-0.0016467415744295666,true,true,0.004999876022338867
exp5_population_scale,2,5202,8,PrisonersDilemma,0.05,1.0,10.0,0.1,1.05,1.0,1.0,2.0,10,0.1,100,300,0.125,1.1184505414153425,0.125,3.3641660366285278,0.03530844155844155,0.2,0.18,0.020000000000000018,0.1560326674837522,0.12282959234060584,0.033203075143146354,false,false,0.003999948501586914
exp5_population_scale,2,5203,8,PrisonersDilemma,0.05,1.0,10.0,0.1,1.05,1.0,1.0,2.0,10,0.1,100,300,0.125,1.3082004551525497,0.25,3.860451552951111,-0.049944103209889235,0.225,0.205,0.020000000000000018,0.14514437118367246,0.19223161131972288,-0.04708724013605042,false,false,0.004999876022338867
exp5_population_scale,2,5204,8,PrisonersDilemma,0.05,1.0,10.0,0.1,1.05,1.0,1.0,2.0,10,0.1,100,300,0.25,1.1967459040430963,0.875,5.3260584160001,0.0951764705882353,0.516,0.47333333333333333,0.042666666666666686,0.2834066144534955,0.21643349053848543,0.06697312391501009,true,false,0.00599980354309082
exp5_population_scale,2,5205,8,PrisonersDilemma,0.05,1.0,10.0,0.1,1.05,1.0,1.0,2.0,10,0.1,100,300,0.125,1.4683189652167283,0.125,3.1976650175050407,0.01668729386096421,0.2,0.07,0.13,0.1263607682767897,0.10833454216297733,0.018026226113812355,false,false,0.003000020980834961
exp5_population_scale,2,5206,8,PrisonersDilemma,0.05,1.0,10.0,0.1,1.05,1.0,1.0,2.0,10,0.1,100,300,0.125,1.4858993118825539,0.125,2.8063424439046414,-0.011794337711045808,0.132,0.12666666666666668,0.005333333333333329,0.11970639756335533,0.1315092700523875,-0.011802872489032168,false,false,0.005000114440917969
exp5_population_scale,2,5207,8,PrisonersDilemma,0.05,1.0,10.0,0.1,1.05,1.0,1.0,2.0,10,0.1,100,300,0.25,1.7715840612168103,0.625,4.088291640830894,-0.06521358543417366,0.128,0.28,-0.15200000000000002,0.13885670218990995,0.21429516456456932,-0.07543846237465937,true,true,0.004999876022338867
exp5_population_scale,2,5208,8,PrisonersDilemma,0.05,1.0,10.0,0.1,1.05,1.0,1.0,2.0,10,0.1,100,300,0.125,1.0181276449628536,0.0,2.283488453807066,-0.004077082337951898,0.11,0.16,-0.05,0.10509063980710295,0.11336114413839378,-0.008270504331290826,false,false,0.004999876022338867
exp5_population_scale,2,5209,8,PrisonersDilemma,0.05,1.0,10.0,0.1,1.05,1.0,1.0,2.0,10,0.1,100,300,0.25,1.6921659033518914,0.0,2.4406540703844666,-0.013500453131040424,0.11,0.12,-0.009999999999999995,0.10632808050974568,0.12076016779478851,-0.014432087285042833,false,false,0.003999948501586914
exp5_population_scale,2,5210,8,PrisonersDilemma,0.05,1.0,10.0,0.1,1.05,1.0,1.0,2.0,10,0.1,100,300,0.0,1.0,0.0,1.0,0.010833333333333334,0.12,0.1,0.01999999999999999,0.16898114256363886,0.11127307013320495,0.05770807243043391,false,false,0.005000114440917969
exp5_population_scale,2,5211,8,PrisonersDilemma,0.05,1.0,10.0,0.1,1.05,1.0,1.0,2.0,10,0.1,100,300,0.125,1.0359258994536409,0.75,4.683792738117958,0.1464539954577552,0.4266666666666667,0.12,0.3066666666666667,0.23607798433943367,0.10394137127923715,0.13213661306019653,true,true,0.005000114440917969
exp5_population_scale,2,5212,8,PrisonersDilemma,0.05,1.0,10.0,0.1,1.05,1.0,1.0,2.0,10,0.1,100,300,0.75,3.555967897000164,1.0,7.883334695176644,0.04584518046056507,1.0,0.62,0.38,0.5806901645596272,0.535598134311354,0.04509203024827324,true,true,0.005000114440917969
exp5_population_scale,2,5213,8,PrisonersDilemma,0.05,1.0,10.0,0.1,1.05,1.0,1.0,2.0,10,0.1,100,300,0.125,1.0420031155981995,0.625,4.570850711439117,-0.08064860251760189,0.17333333333333334,0.36,-0.18666666666666665,0.14283378367349464,0.24580394894364574,-0.1029701652701511,true,true,0.005000114440917969
exp5_population_scale,2,5214,8,PrisonersDilemma,0.05,1.0,10.0,0.1,1.05,1.0,1.0,2.0,10,0.1,100,300,0.0,1.0,0.0,1.0,0.007916666666666669,0.08571428571428572,0.1,-0.01428571428571429,0.16688125815844784,0.1027208568175535,0.06416040134089435,false,false,0.005000114440917969
exp5_population_scale,2,5215,8,PrisonersDilemma,0.05,1.0,10.0,0.1,1.05,1.0,1.0,2.0,10,0.1,100,300,0.25,1.09833704863779,0.375,3.15748941836382,-0.0460883618664612,0.108,0.23333333333333334,-0.12533333333333335,0.11640356864060485,0.1685037321282452,-0.052100163487640364,false,false,0.02700018882751465
exp5_population_scale,2,5216,8,PrisonersDilemma,0.05,1.0,10.0,0.1,1.05,1.0,1.0,2.0,10,0.1,100,300,0.5,3.8846229708356517,1.0,6.623664210944062,-0.23204139610389607,0.96,0.62,0.33999999999999997,0.457939736372431,0.6397339063416464,-0.18179416996921538,true,true,0.006000041961669922
exp5_population_scale,2,5217,8,PrisonersDilemma,0.05,1.0,10.0,0.1,1.05,1.0,1.0,2.0,10,0.1,100,300,0.25,1.1899217506434374,0.125,3.6402538884893514,-0.02094189579267175,0.184,0.10666666666666667,0.07733333333333332,0.12325244537374311,0.1462040572451621,-0.022951611871419003,false,false,0.003999948501586914
exp5_population_scale,2,5218,8,PrisonersDilemma,0.05,1.0,10.0,0.1,1.05,1.0,1.0,2.0,10,0.1,100,300,0.125,1.0517564057112516,0.0,1.2372029007855518,0.017462866318747494,0.104,0.12666666666666668,-0.022666666666666682,0.12564068372370257,0.1062089182658245,0.019431765457878072,false,false,0.003999948501586914
exp5_population_scale,2,5219,8,PrisonersDilemma,0.05,1.0,10.0,0.1,1.05,1.0,1.0,2.0,10,0.1,100,300,0.75,3.927280079609702,1.0,6.959450997940939,-0.09473657814890046,0.9933333333333333,0.56,0.43333333333333324,0.5288123726618863,0.5758474478020718,-0.047035075140185456,true,true,0.003999948501586914
exp5_population_scale,2,5220,8,PrisonersDilemma,0.05,1.0,10.0,0.1,1.05,1.0,1.0,2.0,10,0.1,100,300,0.25,3.3985528187209306,0.0,4.554448555069479,-0.011798839458413923,0.07,0.09666666666666666,-0.026666666666666658,0.1408509923260597,0.13318482122216327,0.007666171103896419,false,false,0.003999948501586914
exp5_population_scale,3,5301,8,PrisonersDilemma,0.05,1.0,10.0,0.1,1.05,1.0,1.0,2.0,10,0.15,100,300,0.5,2.2146345533538936,0.25,4.995079727143318,-0.05505559092282861,0.42,0.18,0.24,0.155780333750921,0.20071963824255606,-0.04493930449163505,false,false,0.005000114440917969
exp5_population_scale,3,5302,8,PrisonersDilemma,0.05,1.0,10.0,0.1,1.05,1.0,1.0,2.0,10,0.15,100,300,0.5,1.4619675456262977,0.875,5.149388148663027,0.18989675516224191,0.6266666666666667,0.48,0.14666666666666672,0.39832354821695143,0.2556547433558322,0.14266880486111921,true,true,0.005000114440917969
exp5_population_scale,3,5303,8,PrisonersDilemma,0.05,1.0,10.0,0.1,1.05,1.0,1.0,2.0,10,0.15,100,300,0.625,1.9521695550209093,0.75,5.124232064887836,-0.05362669245647966,0.475,0.585,-0.10999999999999999,0.2697431671420848,0.32316402941201333,-0.05342086226992854,true,true,0.005000114440917969
exp5_population_scale,3,5304,8,PrisonersDilemma,0.05,1.0,10.0,0.1,1.05,1.0,1.0,2.0,10,0.15,100,300,0.375,2.0966428602533185,0.375,5.553879059167828,-0.0642327855630608,0.232,0.32666666666666666,-0.09466666666666665,0.19015879963350085,0.2746573147278035,-0.08449851509430267,false,false,0.005000114440917969
exp5_population_scale,3,5305,8,PrisonersDilemma,0.05,1.0,10.0,0.1,1.05,1.0,1.0,2.0,10,0.15,100,300,0.625,1.770456427501098,0.0,4.264218700077476,-0.0055137844611528875,0.076,0.08,-0.0040000000000000036,0.16617393860026028,0.1800617551304886,-0.01388781653022833,false,false,0.005000114440917969
exp5_population_scale,3,5306,8,PrisonersDilemma,0.05,1.0,10.0,0.1,1.05,1.0,1.0,2.0,10,0.15,100,300,0.625,1.8001883094061553,0.0,4.288228769295823,-0.012915364907774785,0.095,0.1,-0.0050000000000000044,0.1363064100508818,0.14770599873766055,-0.011399588686778761,false,false,0.006000041961669922
exp5_population_scale,3,5307,8,PrisonersDilemma,0.05,1.0,10.0,0.1,1.05,1.0,1.0,2.0,10,0.15,100,300,0.5,2.3965597295906154,0.0,5.481680503033405,-0.02416666666666667,0.04,0.15428571428571428,-0.11428571428571427,0.17882410209494376,0.14147439932998207,0.03734970276496169,false,false,0.005000114440917969
exp5_population_scale,3,5308,8,PrisonersDilemma,0.05,1.0,10.0,0.1,1.05,1.0,1.0,2.0,10,0.15,100,300,0.75,2.793602822443424,0.25,7.30977237662024,-0.060017390866014736,0.32,0.188,0.132,0.21097652589505847,0.2661173490095819,-0.055140823114523424,false,false,0.003999948501586914
exp5_population_scale,3,5309,8,PrisonersDilemma,0.05,1.0,10.0,0.1,1.05,1.0,1.0,2.0,10,0.15,100,300,0.375,4.094220031690969,0.5,7.890027349674402,0.054583333333333345,0.08,0.3514285714285714,-0.2714285714285714,0.26786345772200393,0.13531422176515082,0.1325492359568531,false,false,0.003999948501586914
exp5_population_scale,3,5310,8,PrisonersDilemma,0.05,1.0,10.0,0.1,1.05,1.0,1.0,2.0,10,0.15,100,300,0.125,2.176597189168892,0.0,2.293473192911906,-0.0017920348348654247,0.07,0.10333333333333333,-0.033333333333333326,0.13162533597484424,0.11614421223502172,0.015481123739822522,false,false,0.003999948501586914
exp5_population_scale,3,5311,8,PrisonersDilemma,0.05,1.0,10.0,0.1,1.05,1.0,1.0,2.0,10,0.15,100,300,0.625,2.2789111156965314,0.375,6.684137075957931,-0.05945692883895129,0.385,0.23,0.155,0.2149528542324945,0.2732235643705833,-0.05827071013808882,false,false,0.003000020980834961
exp5_population_scale,3,5312,8,PrisonersDilemma,0.05,1.0,10.0,0.1,1.05,1.0,1.0,2.0,10,0.15,100,300,0.5,1.5030588954108346,0.375,5.2156101436014195,-0.034294467125122574,0.20666666666666667,0.39,-0.18333333333333335,0.20453293229557906,0.27543075973052555,-0.07089782743494649,false,false,0.007999897003173828
exp5_population_scale,3,5313,8,PrisonersDilemma,0.05,1.0,10.0,0.1,1.05,1.0,1.0,2.0,10,0.15,100,300,0.5,1.7566642739771186,1.0,6.119006641179491,0.051246174585833026,0.84,0.475,0.365,0.4279554951991519,0.3780447750116656,0.04991072018748627,true,true,0.0029997825622558594
exp5_population_scale,3,5314,8,PrisonersDilemma,0.05,1.0,10.0,0.1,1.05,1.0,1.0,2.0,10,0.15,100,300,0.5,2.006054773996919,0.875,5.684295546957765,0.0698281480907853,0.76,0.485,0.275,0.46287371380009845,0.39179522098811376,0.0710784928119847,true,true,0.003999948501586914
exp5_population_scale,3,5315,8,PrisonersDilemma,0.05,1.0,10.0,0.1,1.05,1.0,1.0,2.0,10,0.15,100,300,0.5,2.903857897389428,0.25,6.4033594050013,0.031666666666666676,0.08,0.22285714285714286,-0.14285714285714285,0.19931043552753105,0.1034192853099041,0.09589115021762695,false,false,0.003999948501586914
exp5_population_scale,3,5316,8,PrisonersDilemma,0.05,1.0,10.0,0.1,1.05,1.0,1.0,2.0,10,0.15,100,300,0.5,2.720131228650339,0.0,3.3570052031943263,-0.007280266293549026,0.045,0.09,-0.045,0.1355307818447204,0.14344041457188264,-0.007909632727162247,false,false,0.003999948501586914
exp5_population_scale,3,5317,8,PrisonersDilemma,0.05,1.0,10.0,0.1,1.05,1.0,1.0,2.0,10,0.15,100,300,0.375,1.310196256683223,0.875,5.074854401885311,0.1726208690330477,0.5333333333333333,0.42,0.11333333333333334,0.3577874109036997,0.23001733632347615,0.12777007458022355,true,true,0.005000114440917969
exp5_population_scale,3,5318,8,PrisonersDilemma,0.05,1.0,10.0,0.1,1.05,1.0,1.0,2.0,10,0.15,100,300,0.25,1.3220333287571409,0.75,5.270316590448196,0.21483004333783845,0.5733333333333334,0.07,0.5033333333333334,0.3072399737888437,0.11489202640464315,0.19234794738420058,true,true,0.006000041961669922
exp5_population_scale,3,5319,8,PrisonersDilemma,0.05,1.0,10.0,0.1,1.05,1.0,1.0,2.0,10,0.15,100,300,0.375,3.5741561928579677,0.25,5.976695262557868,-0.07091763073519208,0.4066666666666667,0.196,0.21066666666666667,0.16428810996120807,0.22629785658675364,-0.062009746625545564,false,false,0.0070002079010009766
exp5_population_scale,3,5320,8,PrisonersDilemma,0.05,1.0,10.0,0.1,1.05,1.0,1.0,2.0,10,0.15,100,300,0.375,2.141826443783789,0.125,5.375080352718644,-0.028705882352941164,0.04,0.216,-0.176,0.13662778403637876,0.16918080894810505,-0.03255302491172629,false,false,0.005000114440917969
exp5_population_scale,4,5401,16,PrisonersDilemma,0.05,1.0,10.0,0.1,1.05,1.0,1.0,2.0,10,0.05,100,300,0.125,1.6410880579413898,0.8125,5.6735416057308825,0.09766203018644568,0.6725,0.3475,0.325,0.3098591301114577,0.21181106104843817,0.09804806906301955,true,true,0.009999990463256836
exp5_population_scale,4,5402,16,PrisonersDilemma,0.05,1.0,10.0,0.1,1.05,1.0,1.0,2.0,10,0.05,100,300,0.0,1.0,0.0,1.0,0.008972344437460714,0.10571428571428572,0.10222222222222223,0.0034920634920634908,0.10215411391485009,0.09260467890806152,0.009549435006788565,false,false,0.010999917984008789
exp5_population_scale,4,5403,16,PrisonersDilemma,0.05,1.0,10.0,0.1,1.05,1.0,1.0,2.0,10,0.05,100,300,0.125,1.2426375234384563,0.0,2.6875,0.0011273285449308612,0.12285714285714286,0.1,0.022857142857142854,0.1166264287493037,0.1136411622951018,0.0029852664542019125,false,false,0.009999990463256836
exp5_population_scale,4,5404,16,PrisonersDilemma,0.05,1.0,10.0,0.1,1.05,1.0,1.0,2.0,10,0.05,100,300,0.0625,1.129352077908584,0.0,1.246177449246588,-0.007259156837293293,0.08857142857142856,0.09777777777777778,-0.009206349206349218,0.10932700928129027,0.11694170268693461,-0.007614693405644343,false,false,0.008999824523925781
exp5_population_scale,4,5405,16,PrisonersDilemma,0.05,1.0,10.0,0.1,1.05,1.0,1.0,2.0,10,0.05,100,300,0.125,1.531354871840302,1.0,6.322002477902499,0.020387398251431987,0.8628571428571429,0.2688888888888889,0.593968253968254,0.316563627271529,0.2782043535558733,0.03835927371565567,true,true,0.008999824523925781
exp5_population_scale,4,5406,16,PrisonersDilemma,0.05,1.0,10.0,0.1,1.05,1.0,1.0,2.0,10,0.05,100,300,0.125,1.4563402179647689,0.0,1.6179265159469127,-0.01326540715629465,0.10571428571428572,0.10888888888888888,-0.0031746031746031633,0.11456259597737162,0.12700687176415765,-0.01244427578678603,false,false,0.007999897003173828
exp5_population_scale,4,5407,16,PrisonersDilemma,0.05,1.0,10.0,0.1,1.05,1.0,1.0,2.0,10,0.05,100,300,0.0625,1.7120178656525755,0.0,1.8994020317108664,-0.005124962587224655,0.07142857142857142,0.08444444444444445,-0.013015873015873022,0.1007212547129843,0.10463515914649466,-0.0039139044335103484,false,false,0.009999990463256836
exp5_population_scale,4,5408,16,PrisonersDilemma,0.05,1.0,10.0,0.1,1.05,1.0,1.0,2.0,10,0.05,100,300,0.0625,1.6561766961403834,0.1875,3.09057704043982,-0.030219745801464554,0.18285714285714286,0.1622222222222222,0.020634920634920645,0.12406380067824062,0.15431136768224388,-0.03024756700400326,false,false,0.009000062942504883
exp5_population_scale,4,5409,16,PrisonersDilemma,0.05,1.0,10.0,0.1,1.05,1.0,1.0,2.0,10,0.05,100,300,0.0625,1.3519344635462076,0.5,3.746880925164279,0.06883862650884802,0.31,0.07333333333333333,0.23666666666666666,0.1802789160150117,0.1204936371561161,0.05978527885889559,false,false,0.009000062942504883
exp5_population_scale,4,5410,16,PrisonersDilemma,0.05,1.0,10.0,0.1,1.05,1.0,1.0,2.0,10,0.05,100,300,0.1875,1.6265890285492348,0.0,2.804820485761324,-0.004882696624947197,0.104,0.11272727272727273,-0.008727272727272736,0.11562540506344415,0.11514588722393047,0.00047951783951367954,false,false,0.009000062942504883
exp5_population_scale,4,5411,16,PrisonersDilemma,0.05,1.0,10.0,0.1,1.05,1.0,1.0,2.0,10,0.05,100,300,0.0625,1.3790039345823133,0.1875,2.958146359698587,0.03225947594759476,0.196,0.11333333333333333,0.08266666666666668,0.1450474230956443,0.12167736939164815,0.023370053703996155,false,false,0.00800013542175293
exp5_population_scale,4,5412,16,PrisonersDilemma,0.05,1.0,10.0,0.1,1.05,1.0,1.0,2.0,10,0.05,100,300,0.1875,1.8678178112588897,0.0,2.4928630503636837,-0.013278466844762374,0.0775,0.0975,-0.020000000000000004,0.11244886755654543,0.12519446079549712,-0.012745593238951691,false,false,0.00800013542175293
exp5_population_scale,4,5413,16,PrisonersDilemma,0.05,1.0,10.0,0.1,1.05,1.0,1.0,2.0,10,0.05,100,300,0.1875,1.4914247240977347,0.75,4.640904873158183,0.00435885336793676,0.39555555555555555,0.28,0.11555555555555552,0.21114320177725965,0.2139067732958761,-0.002763571518616448,true,true,0.009999990463256836
exp5_population_scale,4,5414,16,PrisonersDilemma,0.05,1.0,10.0,0.1,1.05,1.0,1.0,2.0,10,0.05,100,300,0.1875,2.154165673709862,0.0,2.3613777382061274,-0.007074822914517553,0.09666666666666666,0.112,-0.015333333333333338,0.12848136022255835,0.1294360055266937,-0.0009546453041353598,false,false,0.008999824523925781
exp5_population_scale,4,5415,16,PrisonersDilemma,0.05,1.0,10.0,0.1,1.05,1.0,1.0,2.0,10,0.05,100,300,0.125,1.7837995221501424,0.0,2.4274288491118057,0.002786768052985361,0.08444444444444445,0.07714285714285714,0.007301587301587309,0.11743198101611438,0.11590282105520562,0.0015291599609087575,false,false,0.008999824523925781
exp5_population_scale,4,5416,16,PrisonersDilemma,0.05,1.0,10.0,0.1,1.05,1.0,1.0,2.0,10,0.05,100,300,0.0625,1.3992402313025607,0.0625,1.5625,-0.013401340134013395,0.08,0.15,-0.06999999999999999,0.10783366643080412,0.11861091997807605,-0.010777253547271923,false,false,0.009000062942504883
exp5_population_scale,4,5417,16,PrisonersDilemma,0.05,1.0,10.0,0.1,1.05,1.0,1.0,2.0,10,0.05,100,300,0.125,1.51763694535158,0.0,2.6875,0.0006143357067182609,0.08,0.076,0.0040000000000000036,0.1267878751020156,0.11976287328806905,0.007025001813946566,false,false,0.007999897003173828
exp5_population_scale,4,5418,16,PrisonersDilemma,0.05,1.0,10.0,0.1,1.05,1.0,1.0,2.0,10,0.05,100,300,0.125,1.832875340474538,0.3125,4.031748244507055,-0.013176449850167471,0.284,0.1709090909090909,0.11309090909090908,0.15917109615190736,0.1568148368915368,0.002356259260370558,false,false,0.007999897003173828
exp5_population_scale,4,5419,16,PrisonersDilemma,0.05,1.0,10.0,0.1,1.05,1.0,1.0,2.0,10,0.05,100,300,0.0625,1.2167880784945604,0.0,1.5625,-0.006099525522608798,0.1075,0.0875,0.020000000000000004,0.11275757919511542,0.11845611887178335,-0.0056985396766679325,false,false,0.009999990463256836
exp5_population_scale,4,5420,16,PrisonersDilemma,0.05,1.0,10.0,0.1,1.05,1.0,1.0,2.0,10,0.05,100,300,0.1875,1.8577733078352587,0.0,3.0239631431043814,0.002396616541353383,0.06857142857142857,0.09777777777777778,-0.029206349206349208,0.12290008935667487,0.11777319886841003,0.00512689048826484,false,false,0.00800013542175293
exp5_population_scale,5,5501,16,PrisonersDilemma,0.05,1.0,10.0,0.1,1.05,1.0,1.0,2.0,10,0.1,100,300,0.3125,1.5676155043477638,0.0,3.148787444690563,-0.017725482630932626,0.0975,0.1175,-0.01999999999999999,0.12827062687901958,0.14555941226868752,-0.017288785389667938,false,false,0.00800013542175293
exp5_population_scale,5,5502,16,PrisonersDilemma,0.05,1.0,10.0,0.1,1.05,1.0,1.0,2.0,10,0.1,100,300,0.0625,0.9989887516224426,0.0,1.7848572515605814,-0.021430808464945633,0.0876923076923077,0.12,-0.0323076923076923,0.11633823389510572,0.14271218346805115,-0.02637394957294542,false,false,0.00800013542175293
exp5_population_scale,5,5503,16,PrisonersDilemma,0.05,1.0,10.0,0.1,1.05,1.0,1.0,2.0,10,0.1,100,300,0.25,2.742043843872493,0.0,3.495264535533747,-0.011321159409849055,0.085,0.105,-0.01999999999999999,0.12393092010618106,0.12320335482897468,0.0007275652772063823,false,false,0.00800013542175293
exp5_population_scale,5,5504,16,PrisonersDilemma,0.05,1.0,10.0,0.1,1.05,1.0,1.0,2.0,10,0.1,100,300,0.4375,2.320197142977953,0.9375,4.971012597035019,-0.05297703590161862,0.6466666666666666,0.432,0.21466666666666662,0.3312334362850494,0.3569542431735591,-0.025720806888509695,true,true,0.010000228881835938
exp5_population_scale,5,5505,16,PrisonersDilemma,0.05,1.0,10.0,0.1,1.05,1.0,1.0,2.0,10,0.1,100,300,0.25,1.499465844470611,1.0,5.511082886870622,0.026028714207139092,0.5575,0.4125,0.14500000000000002,0.29496712829194893,0.26947145706995107,0.025495671221997862,true,true,0.009000062942504883
exp5_population_scale,5,5506,16,PrisonersDilemma,0.05,1.0,10.0,0.1,1.05,1.0,1.0,2.0,10,0.1,100,300,0.25,1.5512516702612598,1.0,6.600205917595063,0.23782608219983087,0.706,0.18333333333333332,0.5226666666666666,0.36537892304555997,0.16246227759358944,0.20291664545197052,true,true,0.009999990463256836
exp5_population_scale,5,5507,16,PrisonersDilemma,0.05,1.0,10.0,0.1,1.05,1.0,1.0,2.0,10,0.1,100,300,0.3125,2.0376651048575236,0.8125,4.636180395709178,-0.05769777686104094,0.6166666666666667,0.304,0.3126666666666667,0.2832670401359367,0.3205475191944506,-0.03728047905851395,true,true,0.00800013542175293
exp5_population_scale,5,5508,16,PrisonersDilemma,0.05,1.0,10.0,0.1,1.05,1.0,1.0,2.0,10,0.1,100,300,0.4375,3.0462978232607716,1.0,5.156541236664308,-0.07604332206684572,0.7366666666666667,0.566,0.17066666666666674,0.4131402290407306,0.45401882826710316,-0.04087859922637255,true,true,0.00800013542175293
exp5_population_scale,5,5509,16,PrisonersDilemma,0.05,1.0,10.0,0.1,1.05,1.0,1.0,2.0,10,0.1,100,300,0.5,2.032586408691407,0.9375,5.649064907493862,-0.03569809698722204,0.7366666666666667,0.4,0.33666666666666667,0.3700564946016364,0.3819570875891377,-0.01190059298750129,true,true,0.009000062942504883
exp5_population_scale,5,5510,16,PrisonersDilemma,0.05,1.0,10.0,0.1,1.05,1.0,1.0,2.0,10,0.1,100,300,0.125,1.0588998872095083,0.9375,5.127819826741372,0.10400015625610379,0.508,0.2633333333333333,0.2446666666666667,0.2562633295211958,0.17126452308633908,0.08499880643485672,true,true,0.008999824523925781
exp5_population_scale,5,5511,16,PrisonersDilemma,0.05,1.0,10.0,0.1,1.05,1.0,1.0,2.0,10,0.1,100,300,0.3125,1.776448967743482,0.0,1.8217460656200404,-0.015375752724816935,0.09666666666666666,0.112,-0.015333333333333338,0.11223448996740122,0.12412219142572198,-0.011887701458320757,false,false,0.009000062942504883
exp5_population_scale,5,5512,16,PrisonersDilemma,0.05,1.0,10.0,0.1,1.05,1.0,1.0,2.0,10,0.1,100,300,0.25,1.9745271657391381,0.0,3.3960245849792594,-0.008108638486596792,0.09428571428571429,0.09111111111111111,0.003174603174603177,0.12427499446759986,0.130183054188883,-0.0059080597212831515,false,false,0.009999990463256836
exp5_population_scale,5,5513,16,PrisonersDilemma,0.05,1.0,10.0,0.1,1.05,1.0,1.0,2.0,10,0.1,100,300,0.25,1.5409654198649256,0.0,3.509651332431173,-0.025807965553681422,0.105,0.095,0.009999999999999995,0.11659631719046568,0.14192423010889302,-0.025327912918427342,false,false,0.010999917984008789
exp5_population_scale,5,5514,16,PrisonersDilemma,0.05,1.0,10.0,0.1,1.05,1.0,1.0,2.0,10,0.1,100,300,0.3125,1.5487728957944749,0.1875,3.252153135422338,-0.04931549568826696,0.16857142857142857,0.21333333333333335,-0.04476190476190478,0.16714149268150139,0.21416479539867772,-0.047023302717176335,false,false,0.010999917984008789
exp5_population_scale,5,5515,16,PrisonersDilemma,0.05,1.0,10.0,0.1,1.05,1.0,1.0,2.0,10,0.1,100,300,0.125,1.1044964689766767,0.0625,4.248499128093387,0.013912847821195534,0.082,0.15333333333333332,-0.07133333333333332,0.14341061454442122,0.13836620059784124,0.005044413946579979,false,false,0.008999824523925781
exp5_population_scale,5,5516,16,PrisonersDilemma,0.05,1.0,10.0,0.1,1.05,1.0,1.0,2.0,10,0.1,100,300,0.4375,1.9028490510791025,0.0,4.057324339994812,-0.002084437044325038,0.06,0.14,-0.08000000000000002,0.1529064371526419,0.15447871601584015,-0.0015722788631982454,false,false,0.009000062942504883
exp5_population_scale,5,5517,16,PrisonersDilemma,0.05,1.0,10.0,0.1,1.05,1.0,1.0,2.0,10,0.1,100,300,0.3125,1.722802362781724,0.0,3.2646449442236527,-0.012190889644684788,0.0975,0.1175,-0.01999999999999999,0.13702755111024303,0.14897857867039346,-0.011951027560150429,false,false,0.009000062942504883
exp5_population_scale,5,5518,16,PrisonersDilemma,0.05,1.0,10.0,0.1,1.05,1.0,1.0,2.0,10,0.1,100,300,0.25,1.9374180868659743,0.0,3.5509819442125066,-0.004776529996985218,0.085,0.1,-0.015,0.12578243873758468,0.1299899379876649,-0.00420749925008021,false,false,0.009000062942504883
exp5_population_scale,5,5519,16,PrisonersDilemma,0.05,1.0,10.0,0.1,1.05,1.0,1.0,2.0,10,0.1,100,300,0.3125,2.30872066083933,0.875,5.121087911042083,-0.0005996618300499468,0.5625,0.365,0.1975,0.2890431508579032,0.28876470430999884,0.0002784465479043763,true,true,0.008999824523925781
exp5_population_scale,5,5520,16,PrisonersDilemma,0.05,1.0,10.0,0.1,1.05,1.0,1.0,2.0,10,0.1,100,300,0.375,2.9342245616408227,0.125,4.240654353881311,-0.026906530297495845,0.22,0.07833333333333334,0.14166666666666666,0.14704287807754016,0.15913719204367613,-0.012094313966135972,false,false,0.010999917984008789
exp5_population_scale,6,5601,16,PrisonersDilemma,0.05,1.0,10.0,0.1,1.05,1.0,1.0,2.0,10,0.15,100,300,0.5,2.0701961080915927,0.9375,5.146431799647724,0.039856503422854184,0.52,0.4657142857142857,0.054285714285714326,0.2911958915334752,0.2656935166991711,0.02550237483430412,true,true,0.009000062942504883
exp5_population_scale,6,5602,16,PrisonersDilemma,0.05,1.0,10.0,0.1,1.05,1.0,1.0,2.0,10,0.15,100,300,0.5,2.188171570089195,0.25,5.450171716923839,-0.0610889899099116,0.2885714285714286,0.22666666666666666,0.061904761904761935,0.16638205637109235,0.2258023546944526,-0.05942029832336024,false,false,0.009000062942504883
exp5_population_scale,6,5603,16,PrisonersDilemma,0.05,1.0,10.0,0.1,1.05,1.0,1.0,2.0,10,0.15,100,300,0.6875,2.318972291449705,0.0625,5.217973056630594,-0.009687576829245231,0.09777777777777778,0.1742857142857143,-0.07650793650793651,0.1713519583845592,0.18776616774887567,-0.01641420936431648,false,false,0.009000062942504883
exp5_population_scale,6,5604,16,PrisonersDilemma,0.05,1.0,10.0,0.1,1.05,1.0,1.0,2.0,10,0.15,100,300,0.5625,1.4159743895182237,0.0,6.421943943481188,-0.021267318027765575,0.18,0.08,0.09999999999999999,0.17010709696501067,0.1975305374188132,-0.027423440453802544,false,false,0.009999990463256836
exp5_population_scale,6,5605,16,PrisonersDilemma,0.05,1.0,10.0,0.1,1.05,1.0,1.0,2.0,10,0.15,100,300,0.625,2.590008573583485,0.0,4.841590367628925,-0.0069208211143695075,0.05714285714285714,0.08666666666666667,-0.02952380952380953,0.15978420247565583,0.16293133644603283,-0.0031471339703769974,false,false,0.007999897003173828
exp5_population_scale,6,5606,16,PrisonersDilemma,0.05,1.0,10.0,0.1,1.05,1.0,1.0,2.0,10,0.15,100,300,0.4375,2.805816810624813,0.0625,5.35231098223731,-0.02133907320210504,0.09428571428571429,0.14444444444444443,-0.05015873015873014,0.1876123695514896,0.20236656973604586,-0.014754200184556254,false,false,0.009999990463256836
exp5_population_scale,6,5607,16,PrisonersDilemma,0.05,1.0,10.0,0.1,1.05,1.0,1.0,2.0,10,0.15,100,300,0.5,2.239817339747264,0.0,4.321516504530264,-0.010263860678552617,0.07555555555555556,0.11142857142857143,-0.035873015873015876,0.12868725242889892,0.14063543006000226,-0.01194817763110334,false,false,0.010999917984008789
exp5_population_scale,6,5608,16,PrisonersDilemma,0.05,1.0,10.0,0.1,1.05,1.0,1.0,2.0,10,0.15,100,300,0.375,2.068935661560021,0.1875,5.192810181156262,-0.038945812807881786,0.13714285714285715,0.11555555555555555,0.0215873015873016,0.14090064285740977,0.1725032546299404,-0.031602611772530625,false,false,0.009999990463256836
exp5_population_scale,6,5609,16,PrisonersDilemma,0.05,1.0,10.0,0.1,1.05,1.0,1.0,2.0,10,0.15,100,300,0.5625,2.941953477130496,0.8125,5.352956467044385,-0.060011421892846695,0.4666666666666667,0.55,-0.08333333333333337,0.3745679330258584,0.403391038682901,-0.028823105657042603,true,true,0.01100015640258789
exp5_population_scale,6,5610,16,PrisonersDilemma,0.05,1.0,10.0,0.1,1.05,1.0,1.0,2.0,10,0.15,100,300,0.8125,2.886357851567643,0.8125,5.130238014108446,0.044210025679502274,0.675,0.5175,0.15750000000000008,0.4546657640728405,0.410261930233547,0.04440383383929347,true,true,0.007999897003173828
exp5_population_scale,6,5611,16,PrisonersDilemma,0.05,1.0,10.0,0.1,1.05,1.0,1.0,2.0,10,0.15,100,300,0.5,2.5586260675019266,0.125,5.715349821430695,-0.021431630736791246,0.16857142857142857,0.26222222222222225,-0.09365079365079368,0.25719992143609527,0.26910881689863914,-0.011908895462543867,false,false,0.009000062942504883
exp5_population_scale,6,5612,16,PrisonersDilemma,0.05,1.0,10.0,0.1,1.05,1.0,1.0,2.0,10,0.15,100,300,0.8125,2.080475558479178,0.0625,6.092854240069588,-0.025365794026931454,0.20285714285714285,0.10888888888888888,0.09396825396825396,0.17471808181968804,0.19721380357497725,-0.022495721755289216,false,false,0.009999990463256836
exp5_population_scale,6,5613,16,PrisonersDilemma,0.05,1.0,10.0,0.1,1.05,1.0,1.0,2.0,10,0.15,100,300,0.5625,1.9013890773523934,0.0625,5.460428958172977,-0.008294554006467392,0.08222222222222222,0.1742857142857143,-0.09206349206349207,0.18314508123227818,0.1966684522996853,-0.013523371067407114,false,false,0.01100015640258789
exp5_population_scale,6,5614,16,PrisonersDilemma,0.05,1.0,10.0,0.1,1.05,1.0,1.0,2.0,10,0.15,100,300,0.4375,1.8091127600978973,0.875,4.987877146156988,0.0367539584439755,0.5525,0.2925,0.26,0.2917367794369758,0.25393623662087217,0.03780054281610362,true,true,0.010999917984008789
exp5_population_scale,6,5615,16,PrisonersDilemma,0.05,1.0,10.0,0.1,1.05,1.0,1.0,2.0,10,0.15,100,300,0.75,2.9459048746028547,0.0,5.214858544769095,-0.014261522742753358,0.108,0.10727272727272727,0.0007272727272727292,0.16176321266099297,0.16914634556831162,-0.007383132907318651,false,false,0.009999990463256836
exp5_population_scale,6,5616,16,PrisonersDilemma,0.05,1.0,10.0,0.1,1.05,1.0,1.0,2.0,10,0.15,100,300,0.5,3.170573332831034,0.375,5.6673612455314935,-0.08267056822729094,0.38666666666666666,0.256,0.13066666666666665,0.18702912098885016,0.26564408923801874,-0.07861496824916858,false,false,0.007999897003173828
exp5_population_scale,6,5617,16,PrisonersDilemma,0.05,1.0,10.0,0.1,1.05,1.0,1.0,2.0,10,0.15,100,300,0.6875,2.518170086892279,0.3125,5.864829508953205,-0.05651263501680018,0.32,0.23555555555555555,0.08444444444444446,0.18497082191443426,0.23456103510117116,-0.0495902131867369,false,false,0.007999897003173828
exp5_population_scale,6,5618,16,PrisonersDilemma,0.05,1.0,10.0,0.1,1.05,1.0,1.0,2.0,10,0.15,100,300,0.3125,1.8282491229361488,0.8125,5.247150798828673,0.1167586206896552,0.5163636363636364,0.44,0.07636363636363636,0.344212712617873,0.2559783619632253,0.08823435065464769,true,true,0.007999897003173828
exp5_population_scale,6,5619,16,PrisonersDilemma,0.05,1.0,10.0,0.1,1.05,1.0,1.0,2.0,10,0.15,100,300,0.5625,2.583570418482837,0.1875,6.389726941372476,-0.010967076627188987,0.1725,0.2,-0.027500000000000024,0.18515213772439265,0.19570552553049608,-0.010553387806103431,false,false,0.008999824523925781
exp5_population_scale,6,5620,16,PrisonersDilemma,0.05,1.0,10.0,0.1,1.05,1.0,1.0,2.0,10,0.15,100,300,0.25,2.1172515755558576,0.0,2.493930685235785,0.0006842619745845574,0.1111111111111111,0.10285714285714286,0.00825396825396825,0.12360920276603292,0.12484618582906101,-0.0012369830630280937,false,false,0.009999990463256836
exp5_population_scale,7,5701,32,PrisonersDilemma,0.05,1.0,10.0,0.1,1.05,1.0,1.0,2.0,10,0.05,100,300,0.0625,1.6615420210048573,0.15625,2.847857357821166,0.027950820473225904,0.17529411764705882,0.112,0.06329411764705882,0.14619549477673885,0.11887174911788442,0.027323745658854426,false,false,0.01900005340576172
exp5_population_scale,7,5702,32,PrisonersDilemma,0.05,1.0,10.0,0.1,1.05,1.0,1.0,2.0,10,0.05,100,300,0.125,1.2379406517117542,0.0,1.9191425467857641,-0.009728751469080546,0.09263157894736843,0.10615384615384615,-0.013522267206477728,0.11197740327328692,0.12262965373776505,-0.010652250464478125,false,false,0.023000001907348633
exp5_population_scale,7,5703,32,PrisonersDilemma,0.05,1.0,10.0,0.1,1.05,1.0,1.0,2.0,10,0.05,100,300,0.03125,1.2916210357558668,0.0,1.7981387184806543,0.005155970073697752,0.09466666666666666,0.10352941176470588,-0.00886274509803922,0.11756175602694004,0.11145896075046825,0.006102795276471784,false,false,0.04999995231628418
exp5_population_scale,7,5704,32,PrisonersDilemma,0.05,1.0,10.0,0.1,1.05,1.0,1.0,2.0,10,0.05,100,300,0.15625,1.7568943221421496,0.0,2.697836550425367,-0.01720962254095222,0.09866666666666667,0.08941176470588236,0.00925490196078431,0.10996555744432016,0.12620239397786887,-0.01623683653354871,false,false,0.04699993133544922
exp5_population_scale,7,5705,32,PrisonersDilemma,0.05,1.0,10.0,0.1,1.05,1.0,1.0,2.0,10,0.05,100,300,0.21875,1.7567364053452275,0.09375,3.131838980400314,-0.004179850775420907,0.11571428571428571,0.1111111111111111,0.004603174603174609,0.14028471819292804,0.13959061718271384,0.0006941010102141931,false,false,0.01699995994567871
exp5_population_scale,7,5706,32,PrisonersDilemma,0.05,1.0,10.0,0.1,1.05,1.0,1.0,2.0,10,0.05,100,300,0.09375,1.3870150422011682,0.0,1.9598204359655562,-0.00417745121943594,0.09333333333333334,0.12823529411764706,-0.03490196078431372,0.11041668341472793,0.11409470690921117,-0.0036780234944832346,false,false,0.020999908447265625
exp5_population_scale,7,5707,32,PrisonersDilemma,0.05,1.0,10.0,0.1,1.05,1.0,1.0,2.0,10,0.05,100,300,0.1875,1.3663521953927975,0.0,2.59747566752255,0.004575838820744818,0.092,0.08666666666666667,0.005333333333333329,0.117197382695405,0.11516754145923441,0.0020298412361705875,false,false,0.01900005340576172
exp5_population_scale,7,5708,32,PrisonersDilemma,0.05,1.0,10.0,0.1,1.05,1.0,1.0,2.0,10,0.05,100,300,0.15625,1.675262737854152,0.03125,2.6304724518709146,0.003873329978002188,0.0775,0.13375,-0.05625000000000001,0.1336135828919123,0.12900618403817704,0.004607398853735262,false,false,0.04800009727478027
exp5_population_scale,7,5709,32,PrisonersDilemma,0.05,1.0,10.0,0.1,1.05,1.0,1.0,2.0,10,0.05,100,300,0.125,1.568300133590085,0.0625,2.2918386976592817,-0.0027729137032325157,0.08533333333333333,0.12823529411764706,-0.04290196078431373,0.12028940073361041,0.12260624727208679,-0.002316846538476372,false,false,0.04200005531311035
exp5_population_scale,7,5710,32,PrisonersDilemma,0.05,1.0,10.0,0.1,1.05,1.0,1.0,2.0,10,0.05,100,300,0.15625,1.6008759784064555,0.0625,2.560684105100607,-0.010472150822427903,0.10125,0.115,-0.013749999999999998,0.1180280723902612,0.12827931556642072,-0.010251243176159525,false,false,0.05200004577636719
exp5_population_scale,7,5711,32,PrisonersDilemma,0.05,1.0,10.0,0.1,1.05,1.0,1.0,2.0,10,0.05,100,300,0.1875,1.531991789874225,0.09375,3.2687179097984553,-0.0215231322398121,0.13285714285714287,0.1111111111111111,0.021746031746031763,0.12017645194881901,0.1404011280403315,-0.02022467609151249,false,false,0.019999980926513672
exp5_population_scale,7,5712,32,PrisonersDilemma,0.05,1.0,10.0,0.1,1.05,1.0,1.0,2.0,10,0.05,100,300,0.0625,1.107127828732339,0.3125,2.9347400813741653,0.04085480829666878,0.21428571428571427,0.09090909090909091,0.12337662337662336,0.14610109852715997,0.10748792455981836,0.03861317396734161,false,false,0.019999980926513672
exp5_population_scale,7,5713,32,PrisonersDilemma,0.05,1.0,10.0,0.1,1.05,1.0,1.0,2.0,10,0.05,100,300,0.03125,1.1639631561258559,0.21875,2.9203064222832094,0.03315168561271925,0.19777777777777777,0.11,0.08777777777777777,0.13927481647409576,0.10841247764263942,0.030862338831456337,false,false,0.04999995231628418
exp5_population_scale,7,5714,32,PrisonersDilemma,0.05,1.0,10.0,0.1,1.05,1.0,1.0,2.0,10,0.05,100,300,0.09375,1.2460408264725746,0.0,2.8352011223696247,-0.003471895965271643,0.09529411764705882,0.092,0.0032941176470588224,0.11313953447604946,0.11655131528092157,-0.0034117808048721027,false,false,0.04900002479553223
exp5_population_scale,7,5715,32,PrisonersDilemma,0.05,1.0,10.0,0.1,1.05,1.0,1.0,2.0,10,0.05,100,300,0.0625,1.1554713660083025,0.03125,1.6422895539504039,-0.0036321320124586,0.08923076923076922,0.11368421052631579,-0.024453441295546566,0.11565032956162483,0.11670680037611697,-0.0010564708144921442,false,false,0.042999982833862305
exp5_population_scale,7,5716,32,PrisonersDilemma,0.05,1.0,10.0,0.1,1.05,1.0,1.0,2.0,10,0.05,100,300,0.03125,1.2504340940064087,0.0625,2.3348602513061487,-0.009655512045871742,0.08705882352941176,0.136,-0.04894117647058825,0.1109337781523374,0.11912903335504002,-0.008195255202702617,false,false,0.04799985885620117
exp5_population_scale,7,5717,32,PrisonersDilemma,0.05,1.0,10.0,0.1,1.05,1.0,1.0,2.0,10,0.05,100,300,0.21875,2.0638179026285393,0.03125,2.944579457838006,-0.00947858036272671,0.0925,0.1275,-0.035,0.12536626550409177,0.13464324661374238,-0.009276981109650612,false,false,0.023000001907348633
exp5_population_scale,7,5718,32,PrisonersDilemma,0.05,1.0,10.0,0.1,1.05,1.0,1.0,2.0,10,0.05,100,300,0.03125,1.1206846937190647,0.03125,1.6604254943859316,0.01735990157131681,0.10222222222222223,0.1357142857142857,-0.033492063492063476,0.12308703415874811,0.10372676093702479,0.019360273221723318,false,false,0.019999980926513672
exp5_population_scale,7,5719,32,PrisonersDilemma,0.05,1.0,10.0,0.1,1.05,1.0,1.0,2.0,10,0.05,100,300,0.0,1.0273737378963252,0.0,1.0273737378963252,0.001751573447334051,0.10615384615384615,0.09157894736842105,0.014574898785425103,0.10596666369738236,0.1035879836793836,0.0023786800179987633,false,false,0.021000146865844727
exp5_population_scale,7,5720,32,PrisonersDilemma,0.05,1.0,10.0,0.1,1.05,1.0,1.0,2.0,10,0.05,100,300,0.0625,1.2838890211274678,0.03125,2.185919385165463,-0.007102496909919667,0.1076923076923077,0.11368421052631579,-0.005991902834008092,0.11260225306425523,0.11830723499963818,-0.0057049819353829495,false,false,0.01900005340576172
exp5_population_scale,8,5801,32,PrisonersDilemma,0.05,1.0,10.0,0.1,1.05,1.0,1.0,2.0,10,0.1,100,300,0.1875,1.5901297851002765,0.03125,3.038087420011048,-0.008834164434709413,0.08125,0.12375,-0.042499999999999996,0.1373648245043562,0.14581407727882606,-0.008449252774469868,false,false,0.018000125885009766
exp5_population_scale,8,5802,32,PrisonersDilemma,0.05,1.0,10.0,0.1,1.05,1.0,1.0,2.0,10,0.1,100,300,0.28125,1.9295551038299088,0.09375,3.140362892633262,-0.017465883122654263,0.14142857142857143,0.10777777777777778,0.03365079365079365,0.13506207337085557,0.15023671591958637,-0.015174642548730799,false,false,0.01699995994567871
exp5_population_scale,8,5803,32,PrisonersDilemma,0.05,1.0,10.0,0.1,1.05,1.0,1.0,2.0,10,0.1,100,300,0.25,1.5857594628806375,0.03125,3.380585908775993,-0.027427810029026126,0.092,0.11294117647058824,-0.02094117647058824,0.1268618219319796,0.152941223992819,-0.02607940206083942,false,false,0.018000125885009766
exp5_population_scale,8,5804,32,PrisonersDilemma,0.05,1.0,10.0,0.1,1.05,1.0,1.0,2.0,10,0.1,100,300,0.1875,1.5633058794107602,0.15625,3.353856009610797,0.015566083454748969,0.18777777777777777,0.13857142857142857,0.0492063492063492,0.16130420424365519,0.14991605009842804,0.011388154145227147,false,false,0.01699995994567871
exp5_population_scale,8,5805,32,PrisonersDilemma,0.05,1.0,10.0,0.1,1.05,1.0,1.0,2.0,10,0.1,100,300,0.34375,2.0868622439062348,0.03125,4.279739007726732,0.002226075088310575,0.11375,0.13625,-0.022500000000000006,0.16038591508874414,0.1576952860567086,0.002690629032035541,false,false,0.01699995994567871
exp5_population_scale,8,5806,32,PrisonersDilemma,0.05,1.0,10.0,0.1,1.05,1.0,1.0,2.0,10,0.1,100,300,0.28125,1.4390306444433865,0.0625,2.9272984456450657,-0.006784118140847978,0.08210526315789474,0.13076923076923078,-0.04866396761133604,0.14079459632106653,0.15294527996796167,-0.012150683646895144,false,false,0.017999887466430664
exp5_population_scale,8,5807,32,PrisonersDilemma,0.05,1.0,10.0,0.1,1.05,1.0,1.0,2.0,10,0.1,100,300,0.5,2.8110455205325047,0.40625,5.228640456797707,-0.027584996027053582,0.3283333333333333,0.237,0.09133333333333332,0.226269218865453,0.24181709793953543,-0.015547879074082421,false,false,0.019999980926513672
exp5_population_scale,8,5808,32,PrisonersDilemma,0.05,1.0,10.0,0.1,1.05,1.0,1.0,2.0,10,0.1,100,300,0.28125,1.7569686982727208,0.71875,5.074126493363767,0.016666119586297823,0.4764705882352941,0.38266666666666665,0.09380392156862744,0.26975149569120077,0.2578883915395639,0.011863104151636883,true,true,0.017999887466430664
exp5_population_scale,8,5809,32,PrisonersDilemma,0.05,1.0,10.0,0.1,1.05,1.0,1.0,2.0,10,0.1,100,300,0.34375,2.2664471476447097,0.0,3.3890327717640507,-0.008021179907331547,0.0876923076923077,0.0968421052631579,-0.009149797570850202,0.11947558324949618,0.1250412285262432,-0.005565645276747008,false,false,0.019999980926513672
exp5_population_scale,8,5810,32,PrisonersDilemma,0.05,1.0,10.0,0.1,1.05,1.0,1.0,2.0,10,0.1,100,300,0.375,1.909898469781794,0.9375,5.097639452967423,0.12076277815323772,0.59,0.35833333333333334,0.23166666666666663,0.36076169010023895,0.25870630673054357,0.10205538336969538,true,true,0.01699995994567871
exp5_population_scale,8,5811,32,PrisonersDilemma,0.05,1.0,10.0,0.1,1.05,1.0,1.0,2.0,10,0.1,100,300,0.21875,1.5876280634340971,0.15625,3.4688432790837043,0.03974937734412484,0.216,0.14,0.07599999999999998,0.19429893500597337,0.1627037086755473,0.03159522633042608,false,false,0.017999887466430664
exp5_population_scale,8,5812,32,PrisonersDilemma,0.05,1.0,10.0,0.1,1.05,1.0,1.0,2.0,10,0.1,100,300,0.25,1.311425434889418,0.875,4.748417588208146,0.12491891837615848,0.4826086956521739,0.24222222222222223,0.24038647342995167,0.286845757584076,0.17928160241777727,0.10756415516629872,true,true,0.01699995994567871
exp5_population_scale,8,5813,32,PrisonersDilemma,0.05,1.0,10.0,0.1,1.05,1.0,1.0,2.0,10,0.1,100,300,0.15625,1.7579961174146468,0.15625,3.5574504171379746,-0.021127627254527825,0.13692307692307693,0.1726315789473684,-0.03570850202429149,0.14039036784375547,0.1581187411798191,-0.01772837333606364,false,false,0.01699995994567871
exp5_population_scale,8,5814,32,PrisonersDilemma,0.05,1.0,10.0,0.1,1.05,1.0,1.0,2.0,10,0.1,100,300,0.40625,2.508005595042962,0.03125,4.503925821810354,-0.008663424352513771,0.10142857142857142,0.11888888888888889,-0.017460317460317468,0.14473801053354815,0.151315526788312,-0.006577516254763854,false,false,0.01699995994567871
exp5_population_scale,8,5815,32,PrisonersDilemma,0.05,1.0,10.0,0.1,1.05,1.0,1.0,2.0,10,0.1,100,300,0.1875,1.4563744536182313,0.15625,3.500947426520369,0.021903482192829893,0.184,0.17166666666666666,0.012333333333333335,0.16639218562289454,0.15162679718962696,0.014765388433267579,false,false,0.017999887466430664
exp5_population_scale,8,5816,32,PrisonersDilemma,0.05,1.0,10.0,0.1,1.05,1.0,1.0,2.0,10,0.1,100,300,0.3125,2.388683357870746,0.0,3.5843418868714183,-0.02226783968719452,0.08333333333333333,0.099,-0.015666666666666676,0.11990655753922566,0.13774933068882927,-0.017842773149603613,false,false,0.01699995994567871
exp5_population_scale,8,5817,32,PrisonersDilemma,0.05,1.0,10.0,0.1,1.05,1.0,1.0,2.0,10,0.1,100,300,0.21875,1.4406474946434547,0.09375,3.2710685501507912,-0.02789912163461314,0.13176470588235295,0.15866666666666668,-0.026901960784313728,0.13121691276241895,0.15920753955328107,-0.027990626790862116,false,false,0.01699995994567871
exp5_population_scale,8,5818,32,PrisonersDilemma,0.05,1.0,10.0,0.1,1.05,1.0,1.0,2.0,10,0.1,100,300,0.25,1.5831031868494811,0.0625,3.3562648517175373,0.0020627860693017974,0.12375,0.11125,0.012499999999999997,0.14252503741610972,0.14008129576134537,0.002443741654764353,false,false,0.01699995994567871
exp5_population_scale,8,5819,32,PrisonersDilemma,0.05,1.0,10.0,0.1,1.05,1.0,1.0,2.0,10,0.1,100,300,0.25,1.5375312485444432,0.09375,3.0517874530986844,0.016715824633024373,0.1411111111111111,0.14142857142857143,-0.00031746031746032743,0.15804470616133665,0.14320593617844912,0.014838769982887523,false,false,0.018999814987182617
exp5_population_scale,8,5820,32,PrisonersDilemma,0.05,1.0,10.0,0.1,1.05,1.0,1.0,2.0,10,0.1,100,300,0.3125,1.8144108422842373,0.0,3.3095560800801223,-0.009524822228384244,0.07466666666666667,0.10352941176470588,-0.02886274509803921,0.13383840003499917,0.14099191068129555,-0.007153510646296379,false,false,0.01900005340576172
exp5_population_scale,9,5901,32,PrisonersDilemma,0.05,1.0,10.0,0.1,1.05,1.0,1.0,2.0,10,0.15,100,300,0.5,2.2551970864352477,0.21875,4.488768703407059,-0.02333896287510584,0.14222222222222222,0.19285714285714287,-0.050634920634920644,0.18678106178091886,0.2147641048427585,-0.027983043061839658,false,false,0.018000125885009766
exp5_population_scale,9,5902,32,PrisonersDilemma,0.05,1.0,10.0,0.1,1.05,1.0,1.0,2.0,10,0.15,100,300,0.5,2.0073527760018615,0.03125,4.157769654791775,-0.014818712682689777,0.07764705882352942,0.132,-0.05435294117647059,0.14927317340355575,0.164833168368063,-0.015559994964507246,false,false,0.017000198364257812
exp5_population_scale,9,5903,32,PrisonersDilemma,0.05,1.0,10.0,0.1,1.05,1.0,1.0,2.0,10,0.15,100,300,0.375,1.9934113522812082,0.0,3.3239532577845554,-0.011853736626403072,0.1,0.093,0.007000000000000006,0.14006223645795735,0.14817275504041086,-0.008110518582453513,false,false,0.017000198364257812
exp5_population_scale,9,5904,32,PrisonersDilemma,0.05,1.0,10.0,0.1,1.05,1.0,1.0,2.0,10,0.15,100,300,0.40625,1.7494760083997114,0.9375,5.376995629136394,0.08711694809255788,0.65,0.40166666666666667,0.24833333333333335,0.3600997205930975,0.29127471945495803,0.0688250011381395,true,true,0.018000125885009766
exp5_population_scale,9,5905,32,PrisonersDilemma,0.05,1.0,10.0,0.1,1.05,1.0,1.0,2.0,10,0.15,100,300,0.6875,2.230897787515479,0.09375,5.601810115731112,-0.02011413383364602,0.1622222222222222,0.08142857142857143,0.08079365079365078,0.18822987080231737,0.2135723144520794,-0.025342443649762014,false,false,0.021000146865844727
exp5_population_scale,9,5906,32,PrisonersDilemma,0.05,1.0,10.0,0.1,1.05,1.0,1.0,2.0,10,0.15,100,300,0.5625,2.744999842656072,0.78125,5.269325583967573,-0.027030828082808267,0.62,0.49894736842105264,0.12105263157894736,0.3950263309583057,0.40515255403696376,-0.01012622307865807,true,true,0.08500003814697266
exp5_population_scale,9,5907,32,PrisonersDilemma,0.05,1.0,10.0,0.1,1.05,1.0,1.0,2.0,10,0.15,100,300,0.40625,2.2338272485458055,0.125,4.164995714606614,-0.033481887963007856,0.14833333333333334,0.149,-0.0006666666666666488,0.14524241488089337,0.17338073980663576,-0.028138324925742392,false,false,0.019999980926513672
exp5_population_scale,9,5908,32,PrisonersDilemma,0.05,1.0,10.0,0.1,1.05,1.0,1.0,2.0,10,0.15,100,300,0.34375,1.6883546898118824,0.09375,4.794916319874705,-0.002304598557648141,0.132,0.22333333333333333,-0.09133333333333332,0.21209317762681765,0.23009201323272294,-0.01799883560590529,false,false,0.019999980926513672
exp5_population_scale,9,5909,32,PrisonersDilemma,0.05,1.0,10.0,0.1,1.05,1.0,1.0,2.0,10,0.15,100,300,0.5,2.6400845158621964,0.78125,5.564482269833431,-0.02886142336728814,0.6914285714285714,0.45444444444444443,0.23698412698412696,0.3147583714048127,0.33404674471818663,-0.019288373313373908,true,true,0.03699994087219238
exp5_population_scale,9,5910,32,PrisonersDilemma,0.05,1.0,10.0,0.1,1.05,1.0,1.0,2.0,10,0.15,100,300,0.5625,2.3344247665129862,0.09375,5.354946729699782,-0.029103408580709506,0.13285714285714287,0.12555555555555556,0.007301587301587309,0.16643375094765075,0.1908590598604458,-0.02442530891279504,false,false,0.04200005531311035
exp5_population_scale,9,5911,32,PrisonersDilemma,0.05,1.0,10.0,0.1,1.05,1.0,1.0,2.0,10,0.15,100,300,0.34375,1.8459983150223314,0.0,3.19143314523339,-0.00737521807915259,0.09428571428571429,0.08333333333333333,0.010952380952380963,0.1325898626435141,0.13876563586857857,-0.006175773225064463,false,false,0.021999835968017578
exp5_population_scale,9,5912,32,PrisonersDilemma,0.05,1.0,10.0,0.1,1.05,1.0,1.0,2.0,10,0.15,100,300,0.46875,2.04481092798297,0.1875,5.465609776620839,-0.02430058342035657,0.15857142857142856,0.4111111111111111,-0.2525396825396825,0.2911501817159666,0.30398944180312065,-0.012839260087154025,false,false,0.03600001335144043
exp5_population_scale,9,5913,32,PrisonersDilemma,0.05,1.0,10.0,0.1,1.05,1.0,1.0,2.0,10,0.15,100,300,0.5,2.483335477368226,0.15625,4.815983608909217,-0.04823800593842789,0.20125,0.165,0.036250000000000004,0.16195589342482872,0.2097065974089215,-0.047750703984092785,false,false,0.03299999237060547
exp5_population_scale,9,5914,32,PrisonersDilemma,0.05,1.0,10.0,0.1,1.05,1.0,1.0,2.0,10,0.15,100,300,0.46875,2.1065780013621556,0.03125,4.009682585879984,-0.0037877012033130097,0.088,0.09411764705882353,-0.006117647058823533,0.15839530796913615,0.15884893204894587,-0.00045362407980972796,false,false,0.029999971389770508
exp5_population_scale,9,5915,32,PrisonersDilemma,0.05,1.0,10.0,0.1,1.05,1.0,1.0,2.0,10,0.15,100,300,0.34375,1.8868344504543038,0.03125,4.103389251292339,-0.017219197169910466,0.12923076923076923,0.1168421052631579,0.012388663967611332,0.15063200969979246,0.16568733595562535,-0.01505532625583289,false,false,0.03699994087219238
exp5_population_scale,9,5916,32,PrisonersDilemma,0.05,1.0,10.0,0.1,1.05,1.0,1.0,2.0,10,0.15,100,300,0.375,3.228056431365023,0.0625,4.341918236405755,-0.03307068527586067,0.12333333333333334,0.101,0.02233333333333333,0.12676617368352494,0.15466079897539783,-0.027894625291872893,false,false,0.05499982833862305
exp5_population_scale,9,5917,32,PrisonersDilemma,0.05,1.0,10.0,0.1,1.05,1.0,1.0,2.0,10,0.15,100,300,0.375,2.261719067112398,0.1875,5.048306749238317,-0.05257387899109198,0.21625,0.16,0.056249999999999994,0.1609037369933006,0.2128110768486809,-0.05190733985538029,false,false,0.05099987983703613
exp5_population_scale,9,5918,32,PrisonersDilemma,0.05,1.0,10.0,0.1,1.05,1.0,1.0,2.0,10,0.15,100,300,0.4375,1.9858261419809407,0.0625,4.2027225386427425,-0.021601767314298942,0.0975,0.1375,-0.04000000000000001,0.15813684365376623,0.1795803416182528,-0.021443497964486552,false,false,0.04800009727478027
exp5_population_scale,9,5919,32,PrisonersDilemma,0.05,1.0,10.0,0.1,1.05,1.0,1.0,2.0,10,0.15,100,300,0.40625,1.872614366413439,0.0,4.024212386674167,-0.01031528712251606,0.075,0.11125,-0.036250000000000004,0.14847933547667674,0.15841651611977262,-0.009937180643095872,false,false,0.02499985694885254
exp5_population_scale,9,5920,32,PrisonersDilemma,0.05,1.0,10.0,0.1,1.05,1.0,1.0,2.0,10,0.15,100,300,0.28125,1.896558615442054,0.125,3.3881061920975473,-0.026820512820512815,0.10444444444444445,0.1657142857142857,-0.06126984126984125,0.1468968794419297,0.1772405275521908,-0.030343648110261107,false,false,0.023000001907348633
exp5_population_scale,10,6001,64,PrisonersDilemma,0.05,1.0,10.0,0.1,1.05,1.0,1.0,2.0,10,0.05,100,300,0.109375,1.687870403674254,0.046875,2.565738324891556,-0.015558543441996323,0.09857142857142857,0.10888888888888888,-0.010317460317460309,0.11528994106862914,0.1287867559885568,-0.013496814919927658,false,false,0.05299997329711914
exp5_population_scale,10,6002,64,PrisonersDilemma,0.05,1.0,10.0,0.1,1.05,1.0,1.0,2.0,10,0.05,100,300,0.09375,1.4321185517235415,0.03125,1.9514780013195356,0.0014853286414227285,0.11333333333333333,0.11806451612903225,-0.004731182795698924,0.1260725048409503,0.12495760771483282,0.001114897126117495,false,false,0.039999961853027344
exp5_population_scale,10,6003,64,PrisonersDilemma,0.05,1.0,10.0,0.1,1.05,1.0,1.0,2.0,10,0.05,100,300,0.109375,1.347831990866089,0.03125,2.0928286813387924,0.008538249231077003,0.1064516129032258,0.12727272727272726,-0.02082111436950146,0.12347008200775302,0.11478200101667992,0.0086880809910731,false,false,0.042999982833862305
exp5_population_scale,10,6004,64,PrisonersDilemma,0.05,1.0,10.0,0.1,1.05,1.0,1.0,2.0,10,0.05,100,300,0.109375,1.4267561857055917,0.0625,2.7099841595777527,0.003996336996336988,0.12787878787878787,0.1296774193548387,-0.0017986314760508326,0.13034676340409612,0.1268069670538175,0.0035397963502786234,false,false,0.051000118255615234
exp5_population_scale,10,6005,64,PrisonersDilemma,0.05,1.0,10.0,0.1,1.05,1.0,1.0,2.0,10,0.05,100,300,0.03125,1.0723363699689075,0.015625,1.5139966878318263,-0.0089203391154868,0.09636363636363636,0.1270967741935484,-0.030733137829912036,0.10820078126341193,0.11695661337925342,-0.008755832115841494,false,false,0.03800010681152344
exp5_population_scale,10,6006,64,PrisonersDilemma,0.05,1.0,10.0,0.1,1.05,1.0,1.0,2.0,10,0.05,100,300,0.125,1.4791366975091058,0.015625,1.9405170612463878,-0.0012336633034625982,0.09515151515151515,0.10258064516129033,-0.007429130009775173,0.11495836566210474,0.11642878504433089,-0.001470419382226154,false,false,0.0410001277923584
exp5_population_scale,10,6007,64,PrisonersDilemma,0.05,1.0,10.0,0.1,1.05,1.0,1.0,2.0,10,0.05,100,300,0.046875,1.2800194525148356,0.0,1.643765913005337,-0.0021098045726675174,0.09393939393939393,0.10516129032258065,-0.011221896383186714,0.11102865252505174,0.11357423310149628,-0.0025455805764445366,false,false,0.05299997329711914
exp5_population_scale,10,6008,64,PrisonersDilemma,0.05,1.0,10.0,0.1,1.05,1.0,1.0,2.0,10,0.05,100,300,0.109375,1.4976319374698033,0.046875,2.0750319988592185,-0.01907228495107137,0.09923076923076923,0.1163157894736842,-0.017085020242914972,0.105358479593861,0.12181575817937873,-0.016457278585517723,false,false,0.04700016975402832
exp5_population_scale,10,6009,64,PrisonersDilemma,0.05,1.0,10.0,0.1,1.05,1.0,1.0,2.0,10,0.05,100,300,0.09375,1.4423803615630864,0.046875,2.3051510014155348,-0.005980082326565828,0.11266666666666666,0.11941176470588236,-0.006745098039215691,0.11623131617190073,0.12205407937252621,-0.005822763200625483,false,false,0.04200005531311035
exp5_population_scale,10,6010,64,PrisonersDilemma,0.05,1.0,10.0,0.1,1.05,1.0,1.0,2.0,10,0.05,100,300,0.0625,1.4267624104298882,0.046875,2.770086696820639,0.0012521251239380748,0.1407142857142857,0.11166666666666666,0.029047619047619044,0.13271588074778615,0.12962271381871787,0.003093166929068275,false,false,0.04699993133544922
exp5_population_scale,10,6011,64,PrisonersDilemma,0.05,1.0,10.0,0.1,1.05,1.0,1.0,2.0,10,0.05,100,300,0.140625,1.3651746473484274,0.109375,2.66432170303137,0.0019660388565138354,0.16137931034482758,0.10857142857142857,0.05280788177339901,0.13386331088858877,0.13079538361772344,0.0030679272708653282,false,false,0.04700016975402832
exp5_population_scale,10,6012,64,PrisonersDilemma,0.05,1.0,10.0,0.1,1.05,1.0,1.0,2.0,10,0.05,100,300,0.109375,1.470592700580258,0.03125,2.0511392371064323,-0.0042776872178465625,0.096875,0.0975,-0.0006250000000000006,0.11124272245539185,0.11575676179739763,-0.004514039342005782,false,false,0.037999868392944336
exp5_population_scale,10,6013,64,PrisonersDilemma,0.05,1.0,10.0,0.1,1.05,1.0,1.0,2.0,10,0.05,100,300,0.046875,1.117468369164786,0.046875,1.9092775705030498,-0.0017015077021524938,0.1167741935483871,0.1,0.016774193548387092,0.10948102549002862,0.11087003033292592,-0.0013890048428972929,false,false,0.04699993133544922
exp5_population_scale,10,6014,64,PrisonersDilemma,0.05,1.0,10.0,0.1,1.05,1.0,1.0,2.0,10,0.05,100,300,0.140625,1.3287532257695098,0.09375,2.703785270562894,0.021956112000200048,0.16,0.11103448275862068,0.04896551724137932,0.14755900876732675,0.127616879907386,0.01994212885994076,false,false,0.04200005531311035
exp5_population_scale,10,6015,64,PrisonersDilemma,0.05,1.0,10.0,0.1,1.05,1.0,1.0,2.0,10,0.05,100,300,0.15625,1.6782770179182704,0.609375,4.146377104240987,0.01110420849296792,0.3933333333333333,0.1589189189189189,0.2344144144144144,0.187661548587564,0.16868457872660955,0.018976969860954457,true,true,0.04699993133544922
exp5_population_scale,10,6016,64,PrisonersDilemma,0.05,1.0,10.0,0.1,1.05,1.0,1.0,2.0,10,0.05,100,300,0.140625,1.4773311971818586,0.0,2.1302038661595364,-0.0006443390207628852,0.09310344827586207,0.08971428571428572,0.003389162561576356,0.1150387814522627,0.11523225839397587,-0.00019347694171316376,false,false,0.05200004577636719
exp5_population_scale,10,6017,64,PrisonersDilemma,0.05,1.0,10.0,0.1,1.05,1.0,1.0,2.0,10,0.05,100,300,0.109375,1.4010323157633284,0.015625,2.1156396692719888,-0.008922803479568642,0.08971428571428572,0.09655172413793103,-0.0068374384236453145,0.11387664764206,0.12374263163402875,-0.009865983991968752,false,false,0.04399991035461426
exp5_population_scale,10,6018,64,PrisonersDilemma,0.05,1.0,10.0,0.1,1.05,1.0,1.0,2.0,10,0.05,100,300,0.140625,1.6151345432736564,0.328125,3.6601246308752406,0.021465293721046275,0.283125,0.14375,0.13937500000000003,0.16662511714077985,0.14508197511004234,0.02154314203073751,false,false,0.04200005531311035
exp5_population_scale,10,6019,64,PrisonersDilemma,0.05,1.0,10.0,0.1,1.05,1.0,1.0,2.0,10,0.05,100,300,0.171875,1.552998976613927,0.03125,2.918408440468638,0.0008972715619849914,0.1206896551724138,0.10914285714285714,0.01154679802955666,0.13370528882910054,0.1308114580505633,0.0028938307785372486,false,false,0.042999982833862305
exp5_population_scale,10,6020,64,PrisonersDilemma,0.05,1.0,10.0,0.1,1.05,1.0,1.0,2.0,10,0.05,100,300,0.078125,1.3354265157350795,0.03125,2.304321615311485,-0.006977121908209191,0.12206896551724138,0.10742857142857143,0.014640394088669947,0.12022295944941515,0.12543709510606443,-0.005214135656649285,false,false,0.04900002479553223
exp5_population_scale,11,6101,64,PrisonersDilemma,0.05,1.0,10.0,0.1,1.05,1.0,1.0,2.0,10,0.1,100,300,0.21875,1.7772973003235886,0.140625,3.4073084983387836,0.009648093841642252,0.18,0.12064516129032259,0.05935483870967741,0.1590216758973542,0.1503083171756547,0.008713358721699482,false,false,0.04800009727478027
exp5_population_scale,11,6102,64,PrisonersDilemma,0.05,1.0,10.0,0.1,1.05,1.0,1.0,2.0,10,0.1,100,300,0.234375,1.8195336720714506,0.15625,3.8288186898002525,-0.0044422825689573175,0.16482758620689655,0.18,-0.01517241379310344,0.17624842773564467,0.1754079556129116,0.0008404721227330825,false,false,0.06599998474121094
exp5_population_scale,11,6103,64,PrisonersDilemma,0.05,1.0,10.0,0.1,1.05,1.0,1.0,2.0,10,0.1,100,300,0.25,1.8644641777353668,0.0625,3.164104785859814,-0.008676270871803893,0.11375,0.101875,0.01187500000000001,0.1419855621215779,0.1507258624269944,-0.008740300305416504,false,false,0.056999921798706055
exp5_population_scale,11,6104,64,PrisonersDilemma,0.05,1.0,10.0,0.1,1.05,1.0,1.0,2.0,10,0.1,100,300,0.234375,1.6795853456583547,0.796875,4.694195282935173,0.03553291957298932,0.463030303030303,0.2567741935483871,0.20625610948191592,0.24540204814848463,0.21208765665641385,0.03331439149207077,true,true,0.04999995231628418
exp5_population_scale,11,6105,64,PrisonersDilemma,0.05,1.0,10.0,0.1,1.05,1.0,1.0,2.0,10,0.1,100,300,0.234375,1.5466427086682029,0.046875,3.321019674707708,-0.008173732953464519,0.08972972972972973,0.13111111111111112,-0.041381381381381394,0.13141102878100774,0.14279553328163,-0.011384504500622256,false,false,0.04800009727478027
exp5_population_scale,11,6106,64,PrisonersDilemma,0.05,1.0,10.0,0.1,1.05,1.0,1.0,2.0,10,0.1,100,300,0.265625,1.960262280160468,0.015625,3.257694293705324,-0.0036292691769176932,0.10071428571428571,0.10666666666666667,-0.005952380952380959,0.13404549960519416,0.13540861106195065,-0.001363111456756494,false,false,0.05200004577636719
exp5_population_scale,11,6107,64,PrisonersDilemma,0.05,1.0,10.0,0.1,1.05,1.0,1.0,2.0,10,0.1,100,300,0.296875,1.6457746352397482,0.4375,5.142816602816551,0.014939174925897386,0.3723529411764706,0.314,0.05835294117647061,0.23705697453359248,0.22617384550083025,0.010883129032762229,false,false,0.04499983787536621
exp5_population_scale,11,6108,64,PrisonersDilemma,0.05,1.0,10.0,0.1,1.05,1.0,1.0,2.0,10,0.1,100,300,0.1875,1.5573715687102705,0.015625,2.78620556803683,-0.005931974298554285,0.08774193548387096,0.11393939393939394,-0.026197458455522973,0.12653157101152734,0.1317509307714814,-0.005219359759954051,false,false,0.053999900817871094
exp5_population_scale,11,6109,64,PrisonersDilemma,0.05,1.0,10.0,0.1,1.05,1.0,1.0,2.0,10,0.1,100,300,0.234375,1.8618776601456177,0.078125,3.53880509765105,-0.017124357958656217,0.1103448275862069,0.19257142857142856,-0.08222660098522167,0.15209897165431976,0.16530708173330055,-0.01320811007898079,false,false,0.046000003814697266
exp5_population_scale,11,6110,64,PrisonersDilemma,0.05,1.0,10.0,0.1,1.05,1.0,1.0,2.0,10,0.1,100,300,0.28125,2.2299173538095216,0.015625,3.3357685492606675,-0.014018995882603996,0.10260869565217391,0.1048780487804878,-0.002269353128313889,0.12851922660507623,0.13797185918879815,-0.00945263258372192,false,false,0.04799985885620117
exp5_population_scale,11,6111,64,PrisonersDilemma,0.05,1.0,10.0,0.1,1.05,1.0,1.0,2.0,10,0.1,100,300,0.109375,1.4363931460215005,0.0625,2.814411399945722,-0.010506044927293151,0.09783783783783784,0.15851851851851853,-0.06068068068068069,0.1360076708669796,0.14948377328898918,-0.013476102422009584,false,false,0.08299994468688965
exp5_population_scale,11,6112,64,PrisonersDilemma,0.05,1.0,10.0,0.1,1.05,1.0,1.0,2.0,10,0.1,100,300,0.265625,1.7114251176893671,0.03125,3.242238354922376,-0.010189379249633701,0.08375,0.11125,-0.027499999999999997,0.13303775726258438,0.1427436127826128,-0.009705855520028422,false,false,0.042999982833862305
exp5_population_scale,11,6113,64,PrisonersDilemma,0.05,1.0,10.0,0.1,1.05,1.0,1.0,2.0,10,0.1,100,300,0.328125,2.0316914737370277,0.03125,3.334240728264291,-0.010907446599219078,0.09538461538461539,0.11421052631578947,-0.018825910931174084,0.13619147473077103,0.14296932608542426,-0.006777851354653225,false,false,0.05200004577636719
exp5_population_scale,11,6114,64,PrisonersDilemma,0.05,1.0,10.0,0.1,1.05,1.0,1.0,2.0,10,0.1,100,300,0.3125,2.0272723847020164,0.078125,3.786371317730236,-0.0268371817904918,0.13185185185185186,0.12972972972972974,0.002122122122122122,0.1376710648937,0.16015625947924067,-0.022485194585540658,false,false,0.04699993133544922
exp5_population_scale,11,6115,64,PrisonersDilemma,0.05,1.0,10.0,0.1,1.05,1.0,1.0,2.0,10,0.1,100,300,0.1875,1.7466475312951966,0.015625,2.8599593221281796,-0.008422717271727179,0.09032258064516129,0.10848484848484849,-0.018162267839687204,0.12556877018198262,0.13338425759649572,-0.0078154874145131,false,false,0.04700016975402832
exp5_population_scale,11,6116,64,PrisonersDilemma,0.05,1.0,10.0,0.1,1.05,1.0,1.0,2.0,10,0.1,100,300,0.25,1.7214055861495638,0.03125,3.600959668965925,-0.009910521090199381,0.08916666666666667,0.127,-0.03783333333333333,0.15540928843847893,0.15841840320755446,-0.0030091147690755327,false,false,0.05099987983703613
exp5_population_scale,11,6117,64,PrisonersDilemma,0.05,1.0,10.0,0.1,1.05,1.0,1.0,2.0,10,0.1,100,300,0.265625,1.5895696323484236,0.171875,3.5241342514130105,-0.006282492387410604,0.18516129032258064,0.17272727272727273,0.012434017595307906,0.16143158775562508,0.16687137673904187,-0.005439788983416793,false,false,0.07699990272521973
exp5_population_scale,11,6118,64,PrisonersDilemma,0.05,1.0,10.0,0.1,1.05,1.0,1.0,2.0,10,0.1,100,300,0.234375,1.8549730637205948,0.078125,3.5281346092408414,-0.0034841929466457033,0.1193939393939394,0.15096774193548387,-0.031573802541544474,0.15638807195756854,0.1614519851645834,-0.005063913207014853,false,false,0.0410001277923584
exp5_population_scale,11,6119,64,PrisonersDilemma,0.05,1.0,10.0,0.1,1.05,1.0,1.0,2.0,10,0.1,100,300,0.265625,1.8690139290780843,0.125,3.650051834586308,-0.014037587734923362,0.16933333333333334,0.18,-0.010666666666666658,0.18090235649799302,0.19214675403763481,-0.011244397539641793,false,false,0.05299997329711914
exp5_population_scale,11,6120,64,PrisonersDilemma,0.05,1.0,10.0,0.1,1.05,1.0,1.0,2.0,10,0.1,100,300,0.3125,2.0830021347875705,0.0625,3.9610028471453775,-0.01776346065347445,0.08818181818181818,0.14761904761904762,-0.05943722943722944,0.16331380951646868,0.1713509610562266,-0.008037151539757925,false,false,0.04700016975402832
exp5_population_scale,12,6201,64,PrisonersDilemma,0.05,1.0,10.0,0.1,1.05,1.0,1.0,2.0,10,0.15,100,300,0.453125,2.4334045007842784,0.15625,5.308306999862451,-0.049412753980021734,0.2,0.14277777777777778,0.05722222222222223,0.14795555745490874,0.19495395892686332,-0.04699840147195458,false,false,0.04200005531311035
exp5_population_scale,12,6202,64,PrisonersDilemma,0.05,1.0,10.0,0.1,1.05,1.0,1.0,2.0,10,0.15,100,300,0.46875,1.6897963756908956,0.0625,4.363491804024143,-0.02410194020213352,0.11257142857142857,0.12482758620689655,-0.012256157635467974,0.14736957049887403,0.17369894432722052,-0.026329373828346492,false,false,0.06100010871887207
exp5_population_scale,12,6203,64,PrisonersDilemma,0.05,1.0,10.0,0.1,1.05,1.0,1.0,2.0,10,0.15,100,300,0.390625,1.8663021702411258,0.09375,4.071418821215444,-0.025825588765087892,0.15578947368421053,0.12307692307692308,0.03271255060728745,0.15365933935641327,0.1830427048552443,-0.029383365498831027,false,false,0.04200005531311035
exp5_population_scale,12,6204,64,PrisonersDilemma,0.05,1.0,10.0,0.1,1.05,1.0,1.0,2.0,10,0.15,100,300,0.515625,2.1940571432611167,0.078125,4.540901305965356,0.006394812778902331,0.144,0.1482758620689655,-0.004275862068965519,0.2084665947468349,0.20635833944334428,0.002108255303490625,false,false,0.056999921798706055
exp5_population_scale,12,6205,64,PrisonersDilemma,0.05,1.0,10.0,0.1,1.05,1.0,1.0,2.0,10,0.15,100,300,0.484375,2.054649659838429,0.046875,4.408108633563024,-0.017861941086823208,0.10903225806451614,0.11090909090909092,-0.00187683284457478,0.15309833060232134,0.16970543695576354,-0.016607106353442203,false,false,0.0690000057220459
exp5_population_scale,12,6206,64,PrisonersDilemma,0.05,1.0,10.0,0.1,1.05,1.0,1.0,2.0,10,0.15,100,300,0.453125,2.02135080734081,0.078125,4.501253801913983,-0.020970065756575673,0.10428571428571429,0.21555555555555556,-0.11126984126984127,0.2016525825332714,0.21607312212301097,-0.014420539589739573,false,false,0.05799984931945801
exp5_population_scale,12,6207,64,PrisonersDilemma,0.05,1.0,10.0,0.1,1.05,1.0,1.0,2.0,10,0.15,100,300,0.515625,2.372202692765073,0.046875,4.9615177824293495,-0.016576952766696212,0.08689655172413793,0.12057142857142857,-0.03367487684729063,0.18737363736036178,0.2000219701048351,-0.012648332744473328,false,false,0.059999942779541016
exp5_population_scale,12,6208,64,PrisonersDilemma,0.05,1.0,10.0,0.1,1.05,1.0,1.0,2.0,10,0.15,100,300,0.40625,1.978349495915166,0.046875,4.141233143284625,-0.008237759368527997,0.08969696969696969,0.12064516129032259,-0.030948191593352894,0.16454821503404807,0.17353177823689,-0.008983563202841938,false,false,0.04999995231628418
exp5_population_scale,12,6209,64,PrisonersDilemma,0.05,1.0,10.0,0.1,1.05,1.0,1.0,2.0,10,0.15,100,300,0.53125,2.4245423740582934,0.015625,4.700172979906262,-0.019452163052951554,0.08068965517241379,0.10571428571428572,-0.02502463054187193,0.15313632965333557,0.1694917618672035,-0.016355432213867926,false,false,0.0839998722076416
exp5_population_scale,12,6210,64,PrisonersDilemma,0.05,1.0,10.0,0.1,1.05,1.0,1.0,2.0,10,0.15,100,300,0.53125,2.1887168610897265,0.125,4.878055249144817,-0.016363663627258274,0.10270270270270271,0.18296296296296297,-0.08026026026026026,0.19843939443029499,0.22392833585264174,-0.025488941422346756,false,false,0.07599997520446777
exp5_population_scale,12,6211,64,PrisonersDilemma,0.05,1.0,10.0,0.1,1.05,1.0,1.0,2.0,10,0.15,100,300,0.375,2.049916096110568,0.046875,3.6355987090316546,0.0023511461944585033,0.12129032258064516,0.12727272727272726,-0.005982404692082097,0.16286757388581063,0.15937453610339156,0.0034930377824190784,false,false,0.04500007629394531
exp5_population_scale,12,6212,64,PrisonersDilemma,0.05,1.0,10.0,0.1,1.05,1.0,1.0,2.0,10,0.15,100,300,0.5,2.047457048295407,0.109375,5.513038832666872,0.009063172517138507,0.1935135135135135,0.2548148148148148,-0.06130130130130132,0.25554021617666406,0.25553598270337374,4.233473290315981e-6,false,false,0.06599998474121094
exp5_population_scale,12,6213,64,PrisonersDilemma,0.05,1.0,10.0,0.1,1.05,1.0,1.0,2.0,10,0.15,100,300,0.46875,1.892558530306203,0.328125,5.081039736456777,-0.008067994299429976,0.305,0.299375,0.005624999999999991,0.25107556204515746,0.2593132509413032,-0.008237688896145734,false,false,0.05500006675720215
exp5_population_scale,12,6214,64,PrisonersDilemma,0.05,1.0,10.0,0.1,1.05,1.0,1.0,2.0,10,0.15,100,300,0.625,2.832000670300286,0.078125,5.576689342933779,-0.022546491639318628,0.10692307692307693,0.14157894736842105,-0.03465587044534413,0.21923339750245496,0.23021212215359327,-0.010978724651138305,false,false,0.04700016975402832
exp5_population_scale,12,6215,64,PrisonersDilemma,0.05,1.0,10.0,0.1,1.05,1.0,1.0,2.0,10,0.15,100,300,0.53125,2.3847076085574677,0.109375,5.665271574720082,-0.01739158290829082,0.10222222222222223,0.26,-0.1577777777777778,0.2555210307270738,0.26490044955751396,-0.00937941883044019,false,false,0.05299997329711914
exp5_population_scale,12,6216,64,PrisonersDilemma,0.05,1.0,10.0,0.1,1.05,1.0,1.0,2.0,10,0.15,100,300,0.453125,2.6107683594418543,0.046875,4.9763692340119094,-0.0191635927626308,0.09448275862068965,0.13885714285714285,-0.04437438423645319,0.166923781134978,0.18286957379166435,-0.01594579265668636,false,false,0.04400014877319336
exp5_population_scale,12,6217,64,PrisonersDilemma,0.05,1.0,10.0,0.1,1.05,1.0,1.0,2.0,10,0.15,100,300,0.421875,1.7697813558450843,0.0625,3.8189164813079586,-0.015071049077906906,0.09485714285714286,0.13517241379310344,-0.04031527093596057,0.14355331259294396,0.1613412806366792,-0.017787968043735253,false,false,0.06399989128112793
exp5_population_scale,12,6218,64,PrisonersDilemma,0.05,1.0,10.0,0.1,1.05,1.0,1.0,2.0,10,0.15,100,300,0.53125,2.4183476029383026,0.0625,5.0673791909871,-0.012998853190290233,0.12064516129032259,0.14,-0.019354838709677427,0.17057713059239565,0.18261257593584632,-0.012035445343450663,false,false,0.04800009727478027
exp5_population_scale,12,6219,64,PrisonersDilemma,0.05,1.0,10.0,0.1,1.05,1.0,1.0,2.0,10,0.15,100,300,0.421875,2.1310411852361604,0.515625,5.487845840973973,0.012463562198724742,0.3876470588235294,0.3566666666666667,0.030980392156862713,0.2767640772399348,0.26941500876760754,0.007349068472327247,true,false,0.056999921798706055
exp5_population_scale,12,6220,64,PrisonersDilemma,0.05,1.0,10.0,0.1,1.05,1.0,1.0,2.0,10,0.15,100,300,0.546875,1.9656908014006376,0.03125,5.071331920053918,0.0030802244133505685,0.08222222222222222,0.115,-0.03277777777777778,0.1666192678252951,0.1665131140631826,0.00010615376211250971,false,false,0.07599997520446777
exp5_population_scale,13,6301,128,PrisonersDilemma,0.05,1.0,10.0,0.1,1.05,1.0,1.0,2.0,10,0.05,100,300,0.125,1.3146451625490165,0.03125,2.2167890104008565,-0.00839472954075822,0.10173913043478261,0.11322033898305085,-0.011481208548268243,0.1143365904775321,0.12347997115205027,-0.00914338067451817,false,false,0.11500000953674316
exp5_population_scale,13,6302,128,PrisonersDilemma,0.05,1.0,10.0,0.1,1.05,1.0,1.0,2.0,10,0.05,100,300,0.1171875,1.5575225905673997,0.0546875,2.557958908549435,0.0015095984018470149,0.11272727272727273,0.1126027397260274,0.00012453300124533329,0.1275427500261511,0.12385099077530798,0.003691759250843113,false,false,0.1230001449584961
exp5_population_scale,13,6303,128,PrisonersDilemma,0.05,1.0,10.0,0.1,1.05,1.0,1.0,2.0,10,0.05,100,300,0.1015625,1.2618647373400014,0.015625,2.015485452590826,-0.0060312565233959226,0.09492537313432836,0.10885245901639344,-0.01392708588206508,0.11475976362043884,0.12082641694090009,-0.006066653320461246,false,false,0.1100001335144043
exp5_population_scale,13,6304,128,PrisonersDilemma,0.05,1.0,10.0,0.1,1.05,1.0,1.0,2.0,10,0.05,100,300,0.078125,1.2925374472206295,0.0703125,2.3246485623997075,0.007856085594927634,0.12555555555555556,0.11714285714285715,0.008412698412698413,0.12665652192495394,0.12085377580684324,0.005802746118110699,false,false,0.1359999179840088
exp5_population_scale,13,6305,128,PrisonersDilemma,0.05,1.0,10.0,0.1,1.05,1.0,1.0,2.0,10,0.05,100,300,0.1171875,1.4631305271138053,0.0390625,2.279418510581772,-0.016053960239823292,0.11138461538461539,0.10126984126984127,0.010114774114774114,0.11274671512252453,0.12880107487045744,-0.016054359747932914,false,false,0.12899994850158691
exp5_population_scale,13,6306,128,PrisonersDilemma,0.05,1.0,10.0,0.1,1.05,1.0,1.0,2.0,10,0.05,100,300,0.1640625,1.6097899597860728,0.046875,2.62470908402577,-0.008254008352100259,0.1288888888888889,0.11535714285714285,0.013531746031746034,0.12065948182789756,0.1313078975035123,-0.010648415675614739,false,false,0.1100001335144043
exp5_population_scale,13,6307,128,PrisonersDilemma,0.05,1.0,10.0,0.1,1.05,1.0,1.0,2.0,10,0.05,100,300,0.0859375,1.3016590917639694,0.046875,2.013685696091818,0.0073398850432931095,0.11761194029850747,0.10557377049180328,0.012038169806704191,0.12308268362358422,0.11624856690573565,0.0068341167178485734,false,false,0.10500001907348633
exp5_population_scale,13,6308,128,PrisonersDilemma,0.05,1.0,10.0,0.1,1.05,1.0,1.0,2.0,10,0.05,100,300,0.09375,1.3216649803416458,0.046875,2.3091046130429875,-0.004760791086177135,0.11090909090909092,0.11741935483870967,-0.006510263929618759,0.12320179474326003,0.12869560079971434,-0.005493806056454317,false,false,0.13000011444091797
exp5_population_scale,13,6309,128,PrisonersDilemma,0.05,1.0,10.0,0.1,1.05,1.0,1.0,2.0,10,0.05,100,300,0.1171875,1.6439069630902161,0.015625,2.3706273256583845,-0.008723882984048373,0.0975,0.13055555555555556,-0.03305555555555556,0.12181002240394122,0.12979530595015945,-0.007985283546218233,false,false,0.11800003051757812
exp5_population_scale,13,6310,128,PrisonersDilemma,0.05,1.0,10.0,0.1,1.05,1.0,1.0,2.0,10,0.05,100,300,0.0703125,1.2518956765395501,0.046875,2.162308659695447,-0.0005975100952625018,0.12135593220338983,0.10173913043478261,0.019616801768607223,0.1219980746553745,0.12174244164451412,0.00025563301086038714,false,false,0.12099981307983398
exp5_population_scale,13,6311,128,PrisonersDilemma,0.05,1.0,10.0,0.1,1.05,1.0,1.0,2.0,10,0.05,100,300,0.125,1.600033778661414,0.03125,2.56952269943248,-0.005858907252155474,0.11125,0.1303125,-0.019062499999999996,0.1274985345355258,0.13348281940648027,-0.005984284870954482,false,false,0.09599995613098145
exp5_population_scale,13,6312,128,PrisonersDilemma,0.05,1.0,10.0,0.1,1.05,1.0,1.0,2.0,10,0.05,100,300,0.09375,1.524269315158462,0.1015625,2.421765939879524,-0.003882264966953791,0.13876923076923076,0.14063492063492064,-0.0018656898656898846,0.1270578019184262,0.13092627043993907,-0.0038684685215128745,false,false,0.13499999046325684
exp5_population_scale,13,6313,128,PrisonersDilemma,0.05,1.0,10.0,0.1,1.05,1.0,1.0,2.0,10,0.05,100,300,0.140625,1.5249744483781056,0.0390625,2.4848712967229862,-0.0040614033217845485,0.11,0.10121212121212121,0.008787878787878789,0.11875005109565084,0.12252782341785316,-0.003777772322202319,false,false,0.11400008201599121
exp5_population_scale,13,6314,128,PrisonersDilemma,0.05,1.0,10.0,0.1,1.05,1.0,1.0,2.0,10,0.05,100,300,0.09375,1.2699637259868444,0.0234375,2.2080039014521082,0.007846046808882998,0.10535211267605633,0.10245614035087719,0.002895972325179144,0.12095692444902344,0.11472207354331698,0.006234850905706454,false,false,0.1230001449584961
exp5_population_scale,13,6315,128,PrisonersDilemma,0.05,1.0,10.0,0.1,1.05,1.0,1.0,2.0,10,0.05,100,300,0.125,1.747686069764238,0.03125,2.427736752924773,-0.008253157734322683,0.09384615384615384,0.11578947368421053,-0.021943319838056682,0.12071168840342848,0.12673277677234698,-0.006021088368918501,false,false,0.13499999046325684
exp5_population_scale,13,6316,128,PrisonersDilemma,0.05,1.0,10.0,0.1,1.05,1.0,1.0,2.0,10,0.05,100,300,0.1640625,1.5690834273617098,0.2421875,3.2727086845023545,0.01035314531213824,0.22950819672131148,0.15343283582089554,0.07607536090041594,0.16154110872476096,0.14986492544091273,0.01167618328384823,false,false,0.11599993705749512
exp5_population_scale,13,6317,128,PrisonersDilemma,0.05,1.0,10.0,0.1,1.05,1.0,1.0,2.0,10,0.05,100,300,0.078125,1.375054415120705,0.0234375,2.272088463619231,0.0037953373986491235,0.0980952380952381,0.10553846153846154,-0.007443223443223443,0.12187758055451817,0.11793258879773008,0.0039449917567880854,false,false,0.11800003051757812
exp5_population_scale,13,6318,128,PrisonersDilemma,0.05,1.0,10.0,0.1,1.05,1.0,1.0,2.0,10,0.05,100,300,0.1015625,1.3186972503986227,0.0546875,2.2668075769314915,0.005725267214582885,0.130625,0.1059375,0.024687499999999987,0.12747109719371028,0.12176524912641534,0.005705848067294933,false,false,0.12299990653991699
exp5_population_scale,13,6319,128,PrisonersDilemma,0.05,1.0,10.0,0.1,1.05,1.0,1.0,2.0,10,0.05,100,300,0.0703125,1.1787585247555716,0.0859375,2.249419387523532,0.013831271611361898,0.12771428571428572,0.12551724137931033,0.00219704433497539,0.1344281439825461,0.12264294504335443,0.011785198939191666,false,false,0.12099981307983398
exp5_population_scale,13,6320,128,PrisonersDilemma,0.05,1.0,10.0,0.1,1.05,1.0,1.0,2.0,10,0.05,100,300,0.1015625,1.4413349982551276,0.0234375,2.03570405313909,-0.011760351849617962,0.09365079365079365,0.10861538461538461,-0.014964590964590962,0.11486225924420822,0.12636790087442612,-0.011505641630217903,false,false,0.12599992752075195
exp5_population_scale,14,6401,128,PrisonersDilemma,0.05,1.0,10.0,0.1,1.05,1.0,1.0,2.0,10,0.1,100,300,0.3046875,2.1137858712485857,0.046875,3.561825531635263,-0.018723072697867965,0.10931034482758621,0.116,-0.006689655172413794,0.13173452221337725,0.14904166937825358,-0.01730714716487633,false,false,0.1230001449584961
exp5_population_scale,14,6402,128,PrisonersDilemma,0.05,1.0,10.0,0.1,1.05,1.0,1.0,2.0,10,0.1,100,300,0.3125,1.706750702796982,0.359375,4.963595564029413,-0.008465958781346455,0.3352542372881356,0.27246376811594203,0.06279046917219355,0.2226745113997584,0.226363161606484,-0.0036886502067255966,false,false,0.125
exp5_population_scale,14,6403,128,PrisonersDilemma,0.05,1.0,10.0,0.1,1.05,1.0,1.0,2.0,10,0.1,100,300,0.28125,1.905778817165702,0.671875,5.194326282408393,0.013257423863173745,0.4578125,0.31125,0.14656249999999998,0.24933163141229275,0.23645235460220076,0.012879276810091989,true,true,0.11299991607666016
exp5_population_scale,14,6404,128,PrisonersDilemma,0.05,1.0,10.0,0.1,1.05,1.0,1.0,2.0,10,0.1,100,300,0.28125,1.808413426611866,0.09375,3.7869228923953435,-0.002342062178098181,0.14285714285714285,0.10222222222222223,0.04063492063492062,0.15199257925806903,0.15101653176461705,0.0009760474934519814,false,false,0.1119999885559082
exp5_population_scale,14,6405,128,PrisonersDilemma,0.05,1.0,10.0,0.1,1.05,1.0,1.0,2.0,10,0.1,100,300,0.3046875,1.8663393232604193,0.1171875,4.140552751349545,-0.005556953420169208,0.11907692307692308,0.19428571428571428,-0.0752087912087912,0.1783177725251935,0.18445549333729944,-0.0061377208121059235,false,false,0.12100005149841309
exp5_population_scale,14,6406,128,PrisonersDilemma,0.05,1.0,10.0,0.1,1.05,1.0,1.0,2.0,10,0.1,100,300,0.2734375,1.7759933050001977,0.078125,3.4058661923564673,0.007673904187645242,0.12493150684931507,0.11454545454545455,0.010386052303860527,0.14613749420951475,0.14241531490496537,0.003722179304549378,false,false,0.13499999046325684
exp5_population_scale,14,6407,128,PrisonersDilemma,0.05,1.0,10.0,0.1,1.05,1.0,1.0,2.0,10,0.1,100,300,0.3359375,2.089207729866029,0.4921875,5.00292416958382,-0.025460357150706048,0.3567272727272727,0.35315068493150686,0.003576587795765862,0.2553316643913041,0.2711127196154111,-0.015781055224107,false,false,0.12000012397766113
exp5_population_scale,14,6408,128,PrisonersDilemma,0.05,1.0,10.0,0.1,1.05,1.0,1.0,2.0,10,0.1,100,300,0.2578125,2.0345247045300017,0.0390625,3.308805104520641,-0.015227072996548352,0.12758620689655173,0.11342857142857143,0.014157635467980295,0.13051162727823087,0.14456641560874164,-0.01405478833051077,false,false,0.11399984359741211
exp5_population_scale,14,6409,128,PrisonersDilemma,0.05,1.0,10.0,0.1,1.05,1.0,1.0,2.0,10,0.1,100,300,0.1796875,1.607668537935884,0.0390625,2.702843905608706,-0.014481526277627749,0.10548387096774194,0.10333333333333333,0.002150537634408603,0.11851856797274908,0.13218534542633195,-0.01366677745358287,false,false,0.1099998950958252
exp5_population_scale,14,6410,128,PrisonersDilemma,0.05,1.0,10.0,0.1,1.05,1.0,1.0,2.0,10,0.1,100,300,0.2890625,1.9612924259182098,0.0625,3.502598707054036,-0.010218825487534888,0.10067796610169491,0.1443478260869565,-0.0436698599852616,0.15000780274688724,0.1580008116189974,-0.007993008872110158,false,false,0.11300015449523926
exp5_population_scale,14,6411,128,PrisonersDilemma,0.05,1.0,10.0,0.1,1.05,1.0,1.0,2.0,10,0.1,100,300,0.234375,1.616506348422326,0.0546875,3.436771247459173,0.00394004899862585,0.10972222222222222,0.14464285714285716,-0.034920634920634935,0.16190650220369623,0.16206534115522445,-0.00015883895152821181,false,false,0.10700011253356934
exp5_population_scale,14,6412,128,PrisonersDilemma,0.05,1.0,10.0,0.1,1.05,1.0,1.0,2.0,10,0.1,100,300,0.25,1.941903400289429,0.03125,3.4682500796403417,-0.012105814849883573,0.08896551724137931,0.12914285714285714,-0.04017733990147783,0.13874373892640224,0.14844715222154173,-0.00970341329513949,false,false,0.10699987411499023
exp5_population_scale,14,6413,128,PrisonersDilemma,0.05,1.0,10.0,0.1,1.05,1.0,1.0,2.0,10,0.1,100,300,0.2578125,1.9291260605598226,0.0703125,3.235562483117927,-0.015279565679744783,0.11333333333333333,0.12970588235294117,-0.016372549019607843,0.13592854731047854,0.149673739302295,-0.013745191991816452,false,false,0.11400008201599121
exp5_population_scale,14,6414,128,PrisonersDilemma,0.05,1.0,10.0,0.1,1.05,1.0,1.0,2.0,10,0.1,100,300,0.359375,1.8846998178027814,0.0625,4.026510163824029,0.0020772239677639692,0.11802816901408451,0.13543859649122808,-0.017410427477143567,0.16398958291801854,0.1655819164980294,-0.0015923335800108462,false,false,0.11700010299682617
exp5_population_scale,14,6415,128,PrisonersDilemma,0.05,1.0,10.0,0.1,1.05,1.0,1.0,2.0,10,0.1,100,300,0.2109375,1.6252397482241634,0.046875,3.005276712392411,-0.000708554885928081,0.12057971014492753,0.11796610169491525,0.002613608450012281,0.14142131956370996,0.14389839573387125,-0.0024770761701612964,false,false,0.10799980163574219
exp5_population_scale,14,6416,128,PrisonersDilemma,0.05,1.0,10.0,0.1,1.05,1.0,1.0,2.0,10,0.1,100,300,0.3046875,1.93240352170206,0.0703125,3.92435293933123,-0.0031176214928055335,0.11911764705882352,0.13733333333333334,-0.018215686274509812,0.16637902755123116,0.1714226600158981,-0.005043632464666936,false,false,0.12200021743774414
exp5_population_scale,14,6417,128,PrisonersDilemma,0.05,1.0,10.0,0.1,1.05,1.0,1.0,2.0,10,0.1,100,300,0.296875,1.749610535116562,0.0546875,3.295670257904922,0.009616662855156777,0.15134328358208957,0.0940983606557377,0.05724492292635186,0.15408582249438546,0.14587916383072158,0.00820665866366388,false,false,0.13100004196166992
exp5_population_scale,14,6418,128,PrisonersDilemma,0.05,1.0,10.0,0.1,1.05,1.0,1.0,2.0,10,0.1,100,300,0.265625,1.9934839300634999,0.0859375,4.1322858299709155,-0.004985953759918282,0.1355223880597015,0.15934426229508197,-0.023821874235380486,0.17519733169613222,0.18245615966087586,-0.0072588279647436416,false,false,0.11800003051757812
exp5_population_scale,14,6419,128,PrisonersDilemma,0.05,1.0,10.0,0.1,1.05,1.0,1.0,2.0,10,0.1,100,300,0.2421875,1.9433086000758741,0.1015625,3.298392046619425,-0.021614374693680632,0.14476190476190476,0.13292307692307692,0.011838827838827837,0.13707716712335558,0.1580429640536269,-0.020965796930271313,false,false,0.1230001449584961
exp5_population_scale,14,6420,128,PrisonersDilemma,0.05,1.0,10.0,0.1,1.05,1.0,1.0,2.0,10,0.1,100,300,0.265625,1.5439180358448976,0.0234375,3.3348532320220463,0.000632927845150677,0.0904,0.13169811320754718,-0.041298113207547185,0.150028408752405,0.15440026353949565,-0.004371854787090651,false,false,0.11500000953674316
exp5_population_scale,15,6501,128,PrisonersDilemma,0.05,1.0,10.0,0.1,1.05,1.0,1.0,2.0,10,0.15,100,300,0.53125,2.1775334544425196,0.0625,4.780951139809095,-0.017556725413900964,0.1363076923076923,0.11460317460317461,0.021704517704517687,0.16701950353913972,0.18510574964617016,-0.01808624610703044,false,false,0.1099998950958252
exp5_population_scale,15,6502,128,PrisonersDilemma,0.05,1.0,10.0,0.1,1.05,1.0,1.0,2.0,10,0.15,100,300,0.5,2.1620799875266763,0.0625,5.018923599740541,-0.008821153692241457,0.12430769230769231,0.11492063492063492,0.00938705738705739,0.19745283734632815,0.20667079658661414,-0.009217959240285983,false,false,0.10799980163574219
exp5_population_scale,15,6503,128,PrisonersDilemma,0.05,1.0,10.0,0.1,1.05,1.0,1.0,2.0,10,0.15,100,300,0.53125,2.160591302835474,0.0703125,4.631648929960616,-0.018015010995090897,0.1184375,0.1403125,-0.021875000000000006,0.1609446642401634,0.17900223269044394,-0.01805756845028053,false,false,0.10699987411499023
exp5_population_scale,15,6504,128,PrisonersDilemma,0.05,1.0,10.0,0.1,1.05,1.0,1.0,2.0,10,0.15,100,300,0.4765625,2.0868780534139026,0.0390625,4.393390995930281,-0.01941167750456152,0.08833333333333333,0.13588235294117648,-0.04754901960784315,0.14876614948872743,0.1660018226928903,-0.01723567320416286,false,false,0.11100006103515625
exp5_population_scale,15,6505,128,PrisonersDilemma,0.05,1.0,10.0,0.1,1.05,1.0,1.0,2.0,10,0.15,100,300,0.4375,1.830185989769262,0.046875,4.382541207051463,-0.011399388689386392,0.10444444444444445,0.14642857142857144,-0.041984126984126985,0.1692919168399298,0.18535186613874258,-0.01605994929881277,false,false,0.10299992561340332
exp5_population_scale,15,6506,128,PrisonersDilemma,0.05,1.0,10.0,0.1,1.05,1.0,1.0,2.0,10,0.15,100,300,0.453125,2.2470745409907926,0.0546875,4.55875773966609,-0.014946222603352766,0.10606060606060606,0.13838709677419356,-0.032326490713587494,0.16974478481213348,0.18540995444441605,-0.015665169632282566,false,false,0.10599994659423828
exp5_population_scale,15,6507,128,PrisonersDilemma,0.05,1.0,10.0,0.1,1.05,1.0,1.0,2.0,10,0.15,100,300,0.4765625,2.168286756191144,0.046875,4.52785971621327,-0.012872799162184534,0.09492063492063492,0.15076923076923077,-0.05584859584859585,0.17994992422726908,0.19180899518906516,-0.011859070961796087,false,false,0.13499999046325684
exp5_population_scale,15,6508,128,PrisonersDilemma,0.05,1.0,10.0,0.1,1.05,1.0,1.0,2.0,10,0.15,100,300,0.53125,1.9950935731204933,0.15625,5.452381234740312,-0.00411278267541304,0.1597222222222222,0.3078571428571429,-0.14813492063492067,0.25644276510999153,0.2688908051315173,-0.012448040021525775,false,false,0.10699987411499023
exp5_population_scale,15,6509,128,PrisonersDilemma,0.05,1.0,10.0,0.1,1.05,1.0,1.0,2.0,10,0.15,100,300,0.4921875,2.492101988535147,0.0703125,4.512079679394902,-0.021936140884555422,0.10813559322033899,0.12144927536231884,-0.013313682141979852,0.15988943588881094,0.17909902433946506,-0.019209588450654125,false,false,0.127000093460083
exp5_population_scale,15,6510,128,PrisonersDilemma,0.05,1.0,10.0,0.1,1.05,1.0,1.0,2.0,10,0.15,100,300,0.484375,2.3757309699857476,0.046875,4.363092269003371,-0.021631314758933207,0.10533333333333333,0.12029411764705883,-0.014960784313725495,0.1541706558846461,0.17392814131677878,-0.019757485432132682,false,false,0.10500001907348633
exp5_population_scale,15,6511,128,PrisonersDilemma,0.05,1.0,10.0,0.1,1.05,1.0,1.0,2.0,10,0.15,100,300,0.40625,1.8770203921781268,0.0625,4.180989273637638,-0.00745112377452381,0.10735294117647058,0.14833333333333334,-0.04098039215686276,0.17000889620918455,0.17994774260340804,-0.009938846394223488,false,false,0.10699987411499023
exp5_population_scale,15,6512,128,PrisonersDilemma,0.05,1.0,10.0,0.1,1.05,1.0,1.0,2.0,10,0.15,100,300,0.46875,2.4190390742631167,0.015625,4.248722333645986,-0.009696179207048183,0.08666666666666667,0.10056338028169014,-0.013896713615023468,0.1724437077441857,0.17870065110417568,-0.006256943359989997,false,false,0.1099998950958252
exp5_population_scale,15,6513,128,PrisonersDilemma,0.05,1.0,10.0,0.1,1.05,1.0,1.0,2.0,10,0.15,100,300,0.5,2.0019564028435823,0.1875,5.536862445461108,0.010566817966190967,0.2091891891891892,0.2362962962962963,-0.02710710710710712,0.2458818452483564,0.24513054403168322,0.0007513012166731892,false,false,0.10899996757507324
exp5_population_scale,15,6514,128,PrisonersDilemma,0.05,1.0,10.0,0.1,1.05,1.0,1.0,2.0,10,0.15,100,300,0.5234375,2.221546565488492,0.3125,5.55532323938882,-0.0004736828021806305,0.31174603174603177,0.2723076923076923,0.039438339438339465,0.26388829972693456,0.2632409493632468,0.0006473503636877376,false,false,0.10899996757507324
exp5_population_scale,15,6515,128,PrisonersDilemma,0.05,1.0,10.0,0.1,1.05,1.0,1.0,2.0,10,0.15,100,300,0.5078125,1.9504031362944667,0.0546875,4.965622325526643,0.0017689480764813692,0.108,0.15482758620689654,-0.046827586206896546,0.19975120700630516,0.20198145551270033,-0.002230248506395166,false,false,0.11500000953674316
exp5_population_scale,15,6516,128,PrisonersDilemma,0.05,1.0,10.0,0.1,1.05,1.0,1.0,2.0,10,0.15,100,300,0.5078125,2.2686209325944526,0.0703125,4.655998365887445,-0.019905506175617566,0.12451612903225806,0.12606060606060607,-0.001544477028348007,0.16073911883935546,0.17935059208502513,-0.01861147324566967,false,false,0.1119999885559082
exp5_population_scale,15,6517,128,PrisonersDilemma,0.05,1.0,10.0,0.1,1.05,1.0,1.0,2.0,10,0.15,100,300,0.5390625,2.480077204066971,0.0546875,4.912913493101401,-0.01480891738026538,0.11290322580645161,0.1393939393939394,-0.026490713587487794,0.17844266467822414,0.19168695955966883,-0.013244294881444685,false,false,0.11599993705749512
exp5_population_scale,15,6518,128,PrisonersDilemma,0.05,1.0,10.0,0.1,1.05,1.0,1.0,2.0,10,0.15,100,300,0.484375,2.2088057212680514,0.03125,4.3570874850962635,-0.01124637490937272,0.08645161290322581,0.11484848484848485,-0.028396871945259042,0.16186521336548382,0.17186535684094195,-0.010000143475458134,false,false,0.10899996757507324
exp5_population_scale,15,6519,128,PrisonersDilemma,0.05,1.0,10.0,0.1,1.05,1.0,1.0,2.0,10,0.15,100,300,0.5859375,2.4509268044845243,0.0390625,5.208317436569621,-0.011225162579056869,0.08169491525423729,0.13304347826086957,-0.05134856300663228,0.1881947114024233,0.19625028979130207,-0.00805557838887877,false,false,0.10599994659423828
exp5_population_scale,15,6520,128,PrisonersDilemma,0.05,1.0,10.0,0.1,1.05,1.0,1.0,2.0,10,0.15,100,300,0.4765625,2.3412943054407704,0.0703125,4.519821741741873,-0.020877822071609542,0.10931034482758621,0.13742857142857143,-0.028118226600985216,0.15903692381857668,0.1766454827684851,-0.017608558949908426,false,false,0.10300016403198242
